user_id,opportunity,opportunity_name,need,intent,readiness,propensity,size_factor,reach,confidence,blocked,blocked_reason,latent,channel,action,evidence,base_value_eur,conf_mult,expected_value_eur,rank_in_user
FZ-0001,PREMIUM,Finanz Premium (piano e budget),1.0,1.0,1.0,1.0,1.0,1.0,media,False,,False,Email,Trial Premium con piano finanziario personalizzato,Obiettivo principale: Build emergency fund | Nel testo: Impostare un budget ora che ha il primo stipendio vero | Evento che fa da trigger: Had a child | Sicurezza nelle decisioni finanziarie bassa (1/5) | Evento di vita recente: Had a child | Chiede esplicitamente un piano o un budget,50,0.9,45.0,1
FZ-0001,DEBT_PLAN,Piano di rientro debiti,0.65,0.5,1.0,0.56,1.0,1.0,media,False,,False,Email,"Piano di rientro con priorità per costo del debito, dentro Finanz Premium",Nel testo: Impostare un budget ora che ha il primo stipendio vero | Debito al consumo: €6.000 (56% del reddito annuo) | Debito su carta di credito (il più caro),50,0.9,25.2,2
FZ-0001,PROTECTION,Protezione famiglia e reddito,0.45,0.1,1.0,0.036,1.0,1.0,media,True,Utente sotto pressione finanziaria: prima il piano di rientro e il cash flow,False,Email,Sospesa. Utente sotto pressione finanziaria: prima il piano di rientro e il cash flow,Evento che fa da trigger: Had a child | Fondo di emergenza dichiarato: 1 mesi | Reddito non garantito (autonomo o stabilità bassa),150,0.9,4.9,3
FZ-0001,INVEST_START,Avvio investimenti (PAC/ETF),0.111,0.4,1.0,0.043,0.5,1.0,media,True,Prima chiudere il debito su carta di credito: costa più di quanto renderebbe investire,False,Email,Sospesa. Prima chiudere il debito su carta di credito: costa più di quanto renderebbe investire,Interesse per gli investimenti: Yes | Risparmia €50 al mese (6% del reddito),180,0.9,3.5,4
FZ-0002,INVEST_START,Avvio investimenti (PAC/ETF),1.0,1.0,1.0,1.0,2.0,1.0,alta,False,,False,WhatsApp,Percorso guidato di primo investimento con PAC mensile,Interesse per gli investimenti: Yes | Obiettivo principale: Make savings work harder | Nel testo: Dividere la liquidità tra fondo emergenza e investimenti | Evento che fa da trigger: New job | Liquidità oltre il cuscinetto di sicurezza: circa €153.700 | Risparmia €1.200 al mese (25% del reddito) | Prima di investire conviene chiudere la carta di credito (€10.000) con parte della liquidità,180,1.0,360.0,1
FZ-0002,CASH_SAVINGS,Conto deposito / risparmio remunerato,0.8,1.0,1.0,0.92,2.0,1.0,alta,False,,False,WhatsApp,Proposta di conto deposito per la liquidità ferma o vincolata a un obiettivo,Interesse per prodotti di risparmio: Yes | Obiettivo principale: Make savings work harder | Nel testo: Dividere la liquidità tra fondo emergenza e investimenti | Liquidità sul conto: €175.000 | Tolleranza al rischio bassa (2/5),70,1.0,128.8,2
FZ-0002,PENSION,Previdenza integrativa,0.5,0.4,1.0,0.44,1.357,1.0,alta,False,,False,Call con consulente,Calcolo del gap pensionistico e proposta di piano di contribuzione,Interesse per la previdenza: Maybe | Evento che fa da trigger: New job | Aperto a una call con consulente | Fascia d'età 35-44,160,1.0,95.5,3
FZ-0002,PROTECTION,Protezione famiglia e reddito,0.55,0.1,1.0,0.28,1.5,1.0,alta,False,,True,Call con consulente,"Contenuto educativo sulla protezione, nessuna offerta diretta per ora",Aperto a una call con consulente | 2 persone a carico | Mutuo in corso o in arrivo | Bisogno latente: dice di non essere interessato alle assicurazioni,150,1.0,63.0,4
FZ-0002,PREMIUM,Finanz Premium (piano e budget),0.25,0.4,1.0,0.34,1.0,1.0,alta,False,,False,WhatsApp,Trial Premium con piano finanziario personalizzato,Nel testo: Dividere la liquidità tra fondo emergenza e investimenti | Evento che fa da trigger: New job | Evento di vita recente: New job,50,1.0,17.0,5
FZ-0002,DEBT_PLAN,Piano di rientro debiti,0.442,0.0,1.0,0.177,1.0,1.0,alta,False,,False,WhatsApp,"Piano di rientro con priorità per costo del debito, dentro Finanz Premium",Debito al consumo: €10.000 (18% del reddito annuo) | Debito su carta di credito (il più caro),50,1.0,8.8,6
FZ-0003,INVEST_START,Avvio investimenti (PAC/ETF),0.88,1.0,1.0,0.952,2.0,1.0,alta,False,,False,Phone,Percorso guidato di primo investimento con PAC mensile,Interesse per gli investimenti: Yes | Obiettivo principale: Make savings work harder | Nel testo: Ha molti risparmi ma rimanda le decisioni su come usarli | Liquidità oltre il cuscinetto di sicurezza: circa €77.800 | Risparmia €700 al mese (14% del reddito),180,1.0,342.7,1
FZ-0003,PENSION,Previdenza integrativa,0.9,0.4,1.0,0.6,1.429,1.0,alta,False,,False,Phone,Calcolo del gap pensionistico e proposta di piano di contribuzione,Interesse per la previdenza: Yes | Fascia d'età 55-64,160,1.0,137.2,2
FZ-0003,CASH_SAVINGS,Conto deposito / risparmio remunerato,0.6,1.0,1.0,0.84,2.0,1.0,alta,False,,False,Phone,Proposta di conto deposito per la liquidità ferma o vincolata a un obiettivo,Interesse per prodotti di risparmio: Yes | Obiettivo principale: Make savings work harder | Nel testo: Ha molti risparmi ma rimanda le decisioni su come usarli | Liquidità sul conto: €95.000,70,1.0,117.6,3
FZ-0003,PROTECTION,Protezione famiglia e reddito,0.4,0.0,1.0,0.16,1.25,1.0,alta,False,,False,Phone,Contenuto educativo sulla protezione + preventivo polizza partner,1 persone a carico,150,1.0,30.0,4
FZ-0003,PREMIUM,Finanz Premium (piano e budget),0.8,0.4,1.0,0.56,1.0,1.0,alta,False,,False,Phone,Trial Premium con piano finanziario personalizzato,Nel testo: Ha molti risparmi ma rimanda le decisioni su come usarli | Evento che fa da trigger: Planning relocation | Sicurezza nelle decisioni finanziarie bassa (2/5) | Evento di vita recente: Planning relocation | Chiede esplicitamente un piano o un budget,50,1.0,28.0,5
FZ-0004,DEBT_PLAN,Piano di rientro debiti,0.65,1.0,1.0,0.86,1.0,1.0,alta,False,,False,Email,"Piano di rientro con priorità per costo del debito, dentro Finanz Premium",Obiettivo principale: Reduce debt | Nel testo: Piano realistico per ripagare i debiti e ricostruire il cuscinetto | Debito al consumo: €18.000 (44% del reddito annuo) | Risparmio mensile nullo o negativo,50,1.0,43.0,1
FZ-0004,PREMIUM,Finanz Premium (piano e budget),0.8,0.3,1.0,0.5,1.0,1.0,alta,False,,False,Email,Trial Premium con piano finanziario personalizzato,Nel testo: Piano realistico per ripagare i debiti e ricostruire il cuscinetto | Sicurezza nelle decisioni finanziarie bassa (1/5) | Evento di vita recente: Started freelancing,50,1.0,25.0,2
FZ-0004,PENSION,Previdenza integrativa,0.6,0.2,1.0,0.054,0.971,1.0,alta,True,Utente sotto pressione finanziaria: prima il piano di rientro e il cash flow,False,Call con consulente,Sospesa. Utente sotto pressione finanziaria: prima il piano di rientro e il cash flow,Evento che fa da trigger: Started freelancing | Aperto a una call con consulente | Fascia d'età 35-44 | Autonomo o freelance: pensione pubblica tipicamente più bassa,160,1.0,8.4,3
FZ-0004,PROTECTION,Protezione famiglia e reddito,0.45,0.2,1.0,0.045,1.0,1.0,alta,True,Utente sotto pressione finanziaria: prima il piano di rientro e il cash flow,False,Call con consulente,Sospesa. Utente sotto pressione finanziaria: prima il piano di rientro e il cash flow,Evento che fa da trigger: Started freelancing | Aperto a una call con consulente | Fondo di emergenza dichiarato: 2 mesi | Reddito non garantito (autonomo o stabilità bassa),150,1.0,6.8,4
FZ-0004,FREELANCE_KIT,Kit freelance (conto business + accantonamento tasse),0.5,0.1,1.0,0.039,1.0,1.0,alta,True,Utente sotto pressione finanziaria: prima il piano di rientro e il cash flow,False,Email,Sospesa. Utente sotto pressione finanziaria: prima il piano di rientro e il cash flow,"Evento che fa da trigger: Started freelancing | Ha appena iniziato a lavorare in proprio | Reddito variabile o tasse come preoccupazione (""Unexpected expenses while repaying debt"")",90,1.0,3.5,5
FZ-0005,WEALTH_REVIEW,Revisione portafoglio,0.86,1.0,1.0,0.944,0.929,1.0,alta,False,,False,WhatsApp,"Check-up gratuito di allocazione, costi e concentrazione, poi referral consulente","Interesse per gli investimenti: Yes | Obiettivo principale: Prepare for retirement | Nel testo: Pensione vicina: vuole una strategia chiara tra previdenza e investimenti | Patrimonio investito dichiarato: €120.000 | Esperienza di investimento: Experienced | Preoccupazione principale: ""Market risk close to retirement""",400,1.0,350.8,1
FZ-0005,PENSION,Previdenza integrativa,0.8,1.0,1.0,0.92,1.429,1.0,alta,False,,False,WhatsApp,Calcolo del gap pensionistico e proposta di piano di contribuzione,Interesse per la previdenza: Yes | Obiettivo principale: Prepare for retirement | Nel testo: Pensione vicina: vuole una strategia chiara tra previdenza e investimenti | Evento che fa da trigger: New job | Fascia d'età 45-54,160,1.0,210.3,2
FZ-0005,PROTECTION,Protezione famiglia e reddito,0.4,0.0,1.0,0.16,1.75,1.0,alta,False,,False,WhatsApp,Contenuto educativo sulla protezione + preventivo polizza partner,3 persone a carico,150,1.0,42.0,3
FZ-0005,CASH_SAVINGS,Conto deposito / risparmio remunerato,0.525,0.2,1.0,0.33,1.167,1.0,alta,False,,False,WhatsApp,Proposta di conto deposito per la liquidità ferma o vincolata a un obiettivo,Interesse per prodotti di risparmio: Maybe | Liquidità sul conto: €35.000,70,1.0,27.0,4
FZ-0005,PREMIUM,Finanz Premium (piano e budget),0.45,0.4,1.0,0.42,1.0,1.0,alta,False,,False,WhatsApp,Trial Premium con piano finanziario personalizzato,Nel testo: Pensione vicina: vuole una strategia chiara tra previdenza e investimenti | Evento che fa da trigger: New job | Evento di vita recente: New job | Chiede esplicitamente un piano o un budget,50,1.0,21.0,5
FZ-0005,DEBT_PLAN,Piano di rientro debiti,0.233,0.0,1.0,0.093,1.0,1.0,alta,False,,False,WhatsApp,"Piano di rientro con priorità per costo del debito, dentro Finanz Premium",Debito al consumo: €3.000 (5% del reddito annuo) | Debito su carta di credito (il più caro),50,1.0,4.6,6
FZ-0006,WEALTH_REVIEW,Revisione portafoglio,1.0,1.0,1.0,1.0,1.979,1.0,alta,False,,False,Call con consulente,"Check-up gratuito di allocazione, costi e concentrazione, poi referral consulente","Interesse per gli investimenti: Yes | Obiettivo principale: Prepare for retirement | Nel testo: Capire se risparmia abbastanza per la pensione e se gli investimenti attuali reggono | Aperto a una call con consulente | Patrimonio investito dichiarato: €205.000 | Esperienza di investimento: Intermediate | Preoccupazione principale: ""Market risk close to retirement""",400,1.0,791.6,1
FZ-0006,PENSION,Previdenza integrativa,0.9,1.0,1.0,0.96,1.657,1.0,alta,False,,False,Call con consulente,Calcolo del gap pensionistico e proposta di piano di contribuzione,Interesse per la previdenza: Yes | Obiettivo principale: Prepare for retirement | Nel testo: Capire se risparmia abbastanza per la pensione e se gli investimenti attuali reggono | Aperto a una call con consulente | Fascia d'età 55-64,160,1.0,254.5,2
FZ-0006,CASH_SAVINGS,Conto deposito / risparmio remunerato,0.8,0.5,1.0,0.62,2.0,1.0,alta,False,,False,WhatsApp,Proposta di conto deposito per la liquidità ferma o vincolata a un obiettivo,Interesse per prodotti di risparmio: Yes | Evento che fa da trigger: Unexpected expense | Liquidità sul conto: €120.000 | Tolleranza al rischio bassa (2/5),70,1.0,86.8,3
FZ-0006,PROTECTION,Protezione famiglia e reddito,0.55,0.1,1.0,0.28,1.75,1.0,alta,False,,True,Call con consulente,"Contenuto educativo sulla protezione, nessuna offerta diretta per ora",Aperto a una call con consulente | 3 persone a carico | Mutuo in corso o in arrivo | Bisogno latente: dice di non essere interessato alle assicurazioni,150,1.0,73.5,4
FZ-0006,PREMIUM,Finanz Premium (piano e budget),0.25,0.0,1.0,0.1,1.0,1.0,alta,False,,False,WhatsApp,Trial Premium con piano finanziario personalizzato,Evento di vita recente: Unexpected expense,50,1.0,5.0,5
FZ-0007,MORTGAGE,Mutuo prima casa,0.5,1.0,0.75,0.6,1.28,0.3,alta,False,,False,In-app (nessun consenso marketing); può prenotare lui la call,Simulazione di sostenibilità e lead al broker mutui partner,Interesse per il mutuo: Yes | Obiettivo principale: Buy a home | Nel testo: Piano per comprare casa in 1-2 anni e confrontare i mutui | Aperto a una call con consulente | Pianifica l'acquisto casa entro 36 mesi | La liquidità copre circa il 90% di anticipo e costi stimati | Mutuo sostenibile stimato: circa €192.000,700,1.0,161.3,1
FZ-0007,CASH_SAVINGS,Conto deposito / risparmio remunerato,0.8,1.0,1.0,0.92,1.8,0.3,alta,False,,False,In-app (nessun consenso marketing),Proposta di conto deposito per la liquidità ferma o vincolata a un obiettivo,Interesse per prodotti di risparmio: Yes | Obiettivo principale: Buy a home | Nel testo: Piano per comprare casa in 1-2 anni e confrontare i mutui | Liquidità sul conto: €54.000 | Liquidità vincolata all'anticipo casa: serve rendimento senza rischio,70,1.0,34.8,2
FZ-0007,PROTECTION,Protezione famiglia e reddito,0.35,0.4,1.0,0.38,1.0,0.3,alta,False,,False,In-app (nessun consenso marketing); può prenotare lui la call,Contenuto educativo sulla protezione + preventivo polizza partner,Interesse per le assicurazioni: Maybe | Evento che fa da trigger: Started freelancing | Aperto a una call con consulente | Mutuo in corso o in arrivo | Reddito non garantito (autonomo o stabilità bassa),150,1.0,17.1,3
FZ-0007,FREELANCE_KIT,Kit freelance (conto business + accantonamento tasse),0.3,0.1,1.0,0.18,1.0,0.3,alta,False,,False,In-app (nessun consenso marketing),Onboarding conto business con regola automatica di accantonamento tasse,Evento che fa da trigger: Started freelancing | Ha appena iniziato a lavorare in proprio,90,1.0,4.9,4
FZ-0007,PREMIUM,Finanz Premium (piano e budget),0.8,0.0,1.0,0.32,1.0,0.3,alta,False,,False,In-app (nessun consenso marketing),Trial Premium con piano finanziario personalizzato,Sicurezza nelle decisioni finanziarie bassa (2/5) | Evento di vita recente: Started freelancing,50,1.0,4.8,5
FZ-0008,PROTECTION,Protezione famiglia e reddito,0.4,1.0,1.0,0.76,1.25,1.0,alta,False,,False,WhatsApp,Contenuto educativo sulla protezione + preventivo polizza partner,Interesse per le assicurazioni: Yes | Obiettivo principale: Protect family finances | Nel testo: Con i figli le finanze si sono complicate: vuole un piano familiare | Evento che fa da trigger: Had a child | 1 persone a carico,150,1.0,142.5,1
FZ-0008,PENSION,Previdenza integrativa,0.5,0.4,1.0,0.44,1.457,1.0,alta,False,,False,WhatsApp,Calcolo del gap pensionistico e proposta di piano di contribuzione,Interesse per la previdenza: Yes | Fascia d'età 35-44,160,1.0,102.6,2
FZ-0008,CASH_SAVINGS,Conto deposito / risparmio remunerato,0.755,0.4,1.0,0.542,1.233,1.0,alta,False,,False,WhatsApp,Proposta di conto deposito per la liquidità ferma o vincolata a un obiettivo,Interesse per prodotti di risparmio: Yes | Liquidità sul conto: €37.000 | Tolleranza al rischio bassa (2/5),70,1.0,46.8,3
FZ-0008,PREMIUM,Finanz Premium (piano e budget),0.8,1.0,1.0,0.92,1.0,1.0,alta,False,,False,WhatsApp,Trial Premium con piano finanziario personalizzato,Obiettivo principale: Protect family finances | Nel testo: Con i figli le finanze si sono complicate: vuole un piano familiare | Evento che fa da trigger: Had a child | Sicurezza nelle decisioni finanziarie bassa (2/5) | Evento di vita recente: Had a child | Chiede esplicitamente un piano o un budget,50,1.0,46.0,4
FZ-0008,INVEST_START,Avvio investimenti (PAC/ETF),0.392,0.4,1.0,0.397,0.53,1.0,alta,False,,False,WhatsApp,Percorso guidato di primo investimento con PAC mensile,Interesse per gli investimenti: Yes | Liquidità oltre il cuscinetto di sicurezza: circa €8.500 | Risparmia €350 al mese (7% del reddito),180,1.0,37.9,5
FZ-0009,INVEST_START,Avvio investimenti (PAC/ETF),1.0,1.0,1.0,1.0,1.165,1.0,alta,False,,False,WhatsApp,Percorso guidato di primo investimento con PAC mensile,"Interesse per gli investimenti: Yes | Obiettivo principale: Start investing | Nel testo: Liquidità ferma sul conto, vuole iniziare a investire senza rischi che non capisce | Evento che fa da trigger: New job | Liquidità oltre il cuscinetto di sicurezza: circa €20.000 | Risparmia €550 al mese (24% del reddito)",180,1.0,209.7,1
FZ-0009,PROTECTION,Protezione famiglia e reddito,0.4,0.1,1.0,0.22,1.5,1.0,alta,False,,False,Call con consulente,Contenuto educativo sulla protezione + preventivo polizza partner,Aperto a una call con consulente | 2 persone a carico,150,1.0,49.5,2
FZ-0009,CASH_SAVINGS,Conto deposito / risparmio remunerato,0.605,0.58,1.0,0.59,0.9,1.0,alta,False,,False,WhatsApp,Proposta di conto deposito per la liquidità ferma o vincolata a un obiettivo,"Interesse per prodotti di risparmio: Yes | Nel testo: Liquidità ferma sul conto, vuole iniziare a investire senza rischi che non capisce | Liquidità sul conto: €27.000 | Tolleranza al rischio bassa (2/5)",70,1.0,37.2,3
FZ-0009,PREMIUM,Finanz Premium (piano e budget),0.25,0.1,1.0,0.16,1.0,1.0,alta,False,,False,WhatsApp,Trial Premium con piano finanziario personalizzato,Evento che fa da trigger: New job | Evento di vita recente: New job,50,1.0,8.0,4
FZ-0010,MORTGAGE,Mutuo prima casa,1.0,1.0,0.75,0.75,1.56,1.0,alta,False,,False,WhatsApp,Simulazione di sostenibilità e lead al broker mutui partner,Interesse per il mutuo: Yes | Obiettivo principale: Buy a home | Nel testo: Piano per comprare casa in 1-2 anni e confrontare i mutui | Evento che fa da trigger: Moved city | Pianifica l'acquisto casa entro 18 mesi | La liquidità copre circa il 64% di anticipo e costi stimati | Mutuo sostenibile stimato: circa €234.000,700,1.0,819.0,1
FZ-0010,CASH_SAVINGS,Conto deposito / risparmio remunerato,0.8,1.0,1.0,0.92,1.567,1.0,alta,False,,False,WhatsApp,Proposta di conto deposito per la liquidità ferma o vincolata a un obiettivo,Interesse per prodotti di risparmio: Yes | Obiettivo principale: Buy a home | Nel testo: Piano per comprare casa in 1-2 anni e confrontare i mutui | Liquidità sul conto: €47.000 | Liquidità vincolata all'anticipo casa: serve rendimento senza rischio,70,1.0,100.9,2
FZ-0010,PROTECTION,Protezione famiglia e reddito,0.55,0.2,1.0,0.34,1.25,1.0,alta,False,,False,WhatsApp,Contenuto educativo sulla protezione + preventivo polizza partner,Interesse per le assicurazioni: Maybe | 1 persone a carico | Mutuo in corso o in arrivo,150,1.0,63.8,3
FZ-0010,PREMIUM,Finanz Premium (piano e budget),0.6,0.1,1.0,0.3,1.0,1.0,alta,False,,False,WhatsApp,Trial Premium con piano finanziario personalizzato,Evento che fa da trigger: Moved city | Sicurezza nelle decisioni finanziarie bassa (2/5) | Evento di vita recente: Moved city,50,1.0,15.0,4
FZ-0011,INVEST_START,Avvio investimenti (PAC/ETF),0.794,0.4,1.0,0.558,0.97,0.3,media,False,,False,In-app (nessun consenso marketing),Percorso guidato di primo investimento con PAC mensile,Interesse per gli investimenti: Yes | Liquidità oltre il cuscinetto di sicurezza: circa €13.400 | Risparmia €1.000 al mese (20% del reddito),180,0.9,26.3,1
FZ-0011,PENSION,Previdenza integrativa,0.4,0.4,1.0,0.4,1.457,0.3,media,False,,False,In-app (nessun consenso marketing),Calcolo del gap pensionistico e proposta di piano di contribuzione,Interesse per la previdenza: Yes | Fascia d'età 25-34 | Autonomo o freelance: pensione pubblica tipicamente più bassa,160,0.9,25.2,2
FZ-0011,FREELANCE_KIT,Kit freelance (conto business + accantonamento tasse),0.7,1.0,1.0,0.88,1.0,0.3,media,False,,False,In-app (nessun consenso marketing),Onboarding conto business con regola automatica di accantonamento tasse,"Obiettivo principale: Stabilise finances | Nel testo: Da freelance cerca un sistema per tasse, risparmio e lungo periodo | Lavoratore autonomo | Reddito variabile o tasse come preoccupazione (""Irregular income"")",90,0.9,21.4,3
FZ-0011,CASH_SAVINGS,Conto deposito / risparmio remunerato,0.77,0.7,1.0,0.728,1.267,0.3,media,False,,False,In-app (nessun consenso marketing),Proposta di conto deposito per la liquidità ferma o vincolata a un obiettivo,Interesse per prodotti di risparmio: Yes | Obiettivo principale: Stabilise finances | Liquidità sul conto: €38.000 | Tolleranza al rischio bassa (2/5),70,0.9,17.4,4
FZ-0011,PREMIUM,Finanz Premium (piano e budget),1.0,1.0,1.0,1.0,1.0,0.3,media,False,,False,In-app (nessun consenso marketing),Trial Premium con piano finanziario personalizzato,"Obiettivo principale: Stabilise finances | Nel testo: Da freelance cerca un sistema per tasse, risparmio e lungo periodo | Evento che fa da trigger: Planning relocation | Sicurezza nelle decisioni finanziarie bassa (2/5) | Evento di vita recente: Planning relocation | Chiede esplicitamente un piano o un budget",50,0.9,13.5,5
FZ-0011,PROTECTION,Protezione famiglia e reddito,0.2,0.0,1.0,0.08,1.0,0.3,media,False,,False,In-app (nessun consenso marketing),Contenuto educativo sulla protezione + preventivo polizza partner,Reddito non garantito (autonomo o stabilità bassa),150,0.9,3.2,6
FZ-0011,DEBT_PLAN,Piano di rientro debiti,0.136,0.0,1.0,0.054,1.0,0.3,media,False,,False,In-app (nessun consenso marketing),"Piano di rientro con priorità per costo del debito, dentro Finanz Premium",Debito al consumo: €5.000 (8% del reddito annuo),50,0.9,0.7,7
FZ-0012,MORTGAGE,Mutuo prima casa,0.5,1.0,0.85,0.68,0.84,0.3,alta,False,,False,In-app (nessun consenso marketing),Simulazione di sostenibilità e lead al broker mutui partner,"Interesse per il mutuo: Yes | Obiettivo principale: Buy a home | Nel testo: In affitto, vuole la prima casa e non sa quanto tenere per l'anticipo | Pianifica l'acquisto casa entro 36 mesi | La liquidità (€51.000) copre già anticipo e costi stimati (€39.375) | Contratto a tempo determinato: istruttoria bancaria più difficile | Mutuo sostenibile stimato: circa €126.000",700,1.0,120.0,1
FZ-0012,CASH_SAVINGS,Conto deposito / risparmio remunerato,0.8,1.0,1.0,0.92,1.7,0.3,alta,False,,False,In-app (nessun consenso marketing),Proposta di conto deposito per la liquidità ferma o vincolata a un obiettivo,"Interesse per prodotti di risparmio: Yes | Obiettivo principale: Buy a home | Nel testo: In affitto, vuole la prima casa e non sa quanto tenere per l'anticipo | Liquidità sul conto: €51.000 | Liquidità vincolata all'anticipo casa: serve rendimento senza rischio",70,1.0,32.8,2
FZ-0012,PROTECTION,Protezione famiglia e reddito,0.55,0.2,1.0,0.34,1.5,0.3,alta,False,,False,In-app (nessun consenso marketing),Contenuto educativo sulla protezione + preventivo polizza partner,Interesse per le assicurazioni: Maybe | 2 persone a carico | Mutuo in corso o in arrivo,150,1.0,23.0,3
FZ-0013,INVEST_START,Avvio investimenti (PAC/ETF),0.874,1.0,1.0,0.95,0.94,1.0,media,False,,False,Email,Percorso guidato di primo investimento con PAC mensile,Interesse per gli investimenti: Yes | Obiettivo principale: Start investing | Nel testo: Vuole un piano di investimento di lungo periodo e smettere di tenere tutto in liquidità | Liquidità oltre il cuscinetto di sicurezza: circa €15.800 | Risparmia €500 al mese (23% del reddito),180,0.9,144.7,1
FZ-0013,PROTECTION,Protezione famiglia e reddito,0.4,0.1,1.0,0.22,1.25,1.0,media,False,,False,Email,Contenuto educativo sulla protezione + preventivo polizza partner,Evento che fa da trigger: Got married | 1 persone a carico,150,0.9,37.1,2
FZ-0013,CASH_SAVINGS,Conto deposito / risparmio remunerato,0.69,0.58,1.0,0.624,0.867,1.0,media,False,,False,Email,Proposta di conto deposito per la liquidità ferma o vincolata a un obiettivo,"Interesse per prodotti di risparmio: Yes | Nel testo: Vuole un piano di investimento di lungo periodo e smettere di tenere tutto in liquidità | Liquidità sul conto: €26.000 | Tolleranza al rischio bassa (2/5) | Preoccupazione: ""Keeping too much cash""",70,0.9,34.1,3
FZ-0013,PREMIUM,Finanz Premium (piano e budget),0.6,0.1,1.0,0.3,1.0,1.0,media,False,,False,Email,Trial Premium con piano finanziario personalizzato,Evento che fa da trigger: Got married | Sicurezza nelle decisioni finanziarie bassa (2/5) | Evento di vita recente: Got married,50,0.9,13.5,4
FZ-0014,WEALTH_REVIEW,Revisione portafoglio,0.977,1.0,1.0,0.991,1.043,1.0,alta,False,,False,Email,"Check-up gratuito di allocazione, costi e concentrazione, poi referral consulente","Interesse per gli investimenti: Yes | Obiettivo principale: Optimise investments | Nel testo: Già investe, vuole ottimizzare l'allocazione tra liquidità e investimenti | Evento che fa da trigger: Relationship change | Patrimonio investito dichiarato: €145.000 | Esperienza di investimento: Experienced | Preoccupazione principale: ""Portfolio concentration""",400,1.0,413.4,1
FZ-0014,PENSION,Previdenza integrativa,0.9,0.4,1.0,0.6,1.429,1.0,alta,False,,False,Email,Calcolo del gap pensionistico e proposta di piano di contribuzione,Interesse per la previdenza: Yes | Fascia d'età 55-64,160,1.0,137.2,2
FZ-0014,CASH_SAVINGS,Conto deposito / risparmio remunerato,0.375,0.38,1.0,0.378,0.833,1.0,alta,False,,False,Email,Proposta di conto deposito per la liquidità ferma o vincolata a un obiettivo,"Interesse per prodotti di risparmio: Maybe | Nel testo: Già investe, vuole ottimizzare l'allocazione tra liquidità e investimenti | Liquidità sul conto: €25.000",70,1.0,22.0,3
FZ-0014,PREMIUM,Finanz Premium (piano e budget),0.25,0.1,1.0,0.16,1.0,1.0,alta,False,,False,Email,Trial Premium con piano finanziario personalizzato,Evento che fa da trigger: Relationship change | Evento di vita recente: Relationship change,50,1.0,8.0,4
FZ-0015,WEALTH_REVIEW,Revisione portafoglio,0.51,1.0,1.0,0.804,1.005,1.0,media,False,,False,Call con consulente,"Check-up gratuito di allocazione, costi e concentrazione, poi referral consulente","Interesse per gli investimenti: Yes | Obiettivo principale: Prepare for retirement | Nel testo: Capire se risparmia abbastanza per la pensione e se gli investimenti attuali reggono | Aperto a una call con consulente | Patrimonio investito dichiarato: €45.000 | Esperienza di investimento: Intermediate | Preoccupazione principale: ""Market risk close to retirement""",400,0.9,290.9,1
FZ-0015,PENSION,Previdenza integrativa,0.9,1.0,1.0,0.96,1.771,1.0,media,False,,False,Call con consulente,Calcolo del gap pensionistico e proposta di piano di contribuzione,Interesse per la previdenza: Yes | Obiettivo principale: Prepare for retirement | Nel testo: Capire se risparmia abbastanza per la pensione e se gli investimenti attuali reggono | Evento che fa da trigger: New job | Aperto a una call con consulente | Fascia d'età 55-64,160,0.9,244.8,2
FZ-0015,INVEST_START,Avvio investimenti (PAC/ETF),0.761,0.5,1.0,0.605,2.0,1.0,media,False,,False,Phone,Percorso guidato di primo investimento con PAC mensile,Interesse per gli investimenti: Yes | Evento che fa da trigger: New job | Liquidità oltre il cuscinetto di sicurezza: circa €105.800 | Risparmia €500 al mese (8% del reddito),180,0.9,196.0,3
FZ-0015,CASH_SAVINGS,Conto deposito / risparmio remunerato,0.6,0.4,1.0,0.48,2.0,1.0,media,False,,False,Phone,Proposta di conto deposito per la liquidità ferma o vincolata a un obiettivo,Interesse per prodotti di risparmio: Yes | Liquidità sul conto: €140.000,70,0.9,60.5,4
FZ-0015,PROTECTION,Protezione famiglia e reddito,0.55,0.1,1.0,0.28,1.25,1.0,media,False,,True,Call con consulente,"Contenuto educativo sulla protezione, nessuna offerta diretta per ora",Aperto a una call con consulente | 1 persone a carico | Mutuo in corso o in arrivo | Bisogno latente: dice di non essere interessato alle assicurazioni,150,0.9,47.3,5
FZ-0015,PREMIUM,Finanz Premium (piano e budget),0.25,0.1,1.0,0.16,1.0,1.0,media,False,,False,Phone,Trial Premium con piano finanziario personalizzato,Evento che fa da trigger: New job | Evento di vita recente: New job,50,0.9,7.2,6
FZ-0016,MORTGAGE,Mutuo prima casa,1.0,1.0,0.45,0.45,1.6,1.0,alta,False,,False,Call con consulente,Simulazione di sostenibilità e lead al broker mutui partner,Interesse per il mutuo: Yes | Obiettivo principale: Buy a home | Nel testo: Capire quanto mutuo può reggere senza svuotare i risparmi | Aperto a una call con consulente | Pianifica l'acquisto casa entro 18 mesi | Anticipo ancora lontano: liquidità al 47% del necessario stimato | Mutuo sostenibile stimato: circa €240.000,700,1.0,504.0,1
FZ-0016,PROTECTION,Protezione famiglia e reddito,0.55,0.3,1.0,0.4,1.25,1.0,alta,False,,False,Call con consulente,Contenuto educativo sulla protezione + preventivo polizza partner,Interesse per le assicurazioni: Maybe | Aperto a una call con consulente | 1 persone a carico | Mutuo in corso o in arrivo,150,1.0,75.0,2
FZ-0016,CASH_SAVINGS,Conto deposito / risparmio remunerato,0.725,0.98,1.0,0.878,1.167,1.0,alta,False,,False,Email,Proposta di conto deposito per la liquidità ferma o vincolata a un obiettivo,Interesse per prodotti di risparmio: Yes | Obiettivo principale: Buy a home | Nel testo: Capire quanto mutuo può reggere senza svuotare i risparmi | Evento che fa da trigger: Unexpected expense | Liquidità sul conto: €35.000 | Liquidità vincolata all'anticipo casa: serve rendimento senza rischio,70,1.0,71.7,3
FZ-0016,PREMIUM,Finanz Premium (piano e budget),0.25,0.0,1.0,0.1,1.0,1.0,alta,False,,False,Email,Trial Premium con piano finanziario personalizzato,Evento di vita recente: Unexpected expense,50,1.0,5.0,4
FZ-0017,INVEST_START,Avvio investimenti (PAC/ETF),0.811,0.4,1.0,0.564,2.0,1.0,bassa,False,,False,Email,Percorso guidato di primo investimento con PAC mensile,Interesse per gli investimenti: Yes | Liquidità oltre il cuscinetto di sicurezza: circa €38.600 | Risparmia €400 al mese (11% del reddito),180,0.75,152.3,1
FZ-0017,CASH_SAVINGS,Conto deposito / risparmio remunerato,0.6,0.7,1.0,0.66,1.967,1.0,bassa,False,,False,Email,Proposta di conto deposito per la liquidità ferma o vincolata a un obiettivo,Interesse per prodotti di risparmio: Yes | Obiettivo principale: Stabilise finances | Liquidità sul conto: €59.000,70,0.75,68.2,2
FZ-0017,PENSION,Previdenza integrativa,0.4,0.5,1.0,0.46,1.086,1.0,bassa,False,,False,Call con consulente,Calcolo del gap pensionistico e proposta di piano di contribuzione,Interesse per la previdenza: Yes | Aperto a una call con consulente | Fascia d'età 25-34 | Autonomo o freelance: pensione pubblica tipicamente più bassa,160,0.75,59.9,3
FZ-0017,FREELANCE_KIT,Kit freelance (conto business + accantonamento tasse),0.7,1.0,1.0,0.88,1.0,1.0,bassa,False,,False,Email,Onboarding conto business con regola automatica di accantonamento tasse,"Obiettivo principale: Stabilise finances | Nel testo: Da freelance cerca un sistema per tasse, risparmio e lungo periodo | Lavoratore autonomo | Reddito variabile o tasse come preoccupazione (""Not having enough buffer in weak months"")",90,0.75,59.4,4
FZ-0017,PREMIUM,Finanz Premium (piano e budget),0.65,1.0,1.0,0.86,1.0,1.0,bassa,False,,False,Email,Trial Premium con piano finanziario personalizzato,"Obiettivo principale: Stabilise finances | Nel testo: Da freelance cerca un sistema per tasse, risparmio e lungo periodo | Evento che fa da trigger: Had a child | Evento di vita recente: Had a child | Chiede esplicitamente un piano o un budget",50,0.75,32.2,5
FZ-0017,PROTECTION,Protezione famiglia e reddito,0.2,0.2,1.0,0.2,1.0,1.0,bassa,False,,False,Call con consulente,Contenuto educativo sulla protezione + preventivo polizza partner,Evento che fa da trigger: Had a child | Aperto a una call con consulente | Reddito non garantito (autonomo o stabilità bassa),150,0.75,22.5,6
FZ-0018,WEALTH_REVIEW,Revisione portafoglio,0.373,1.0,1.0,0.749,1.104,0.85,alta,False,,False,"WhatsApp (niente chiamate commerciali, chiesto nel testo)","Check-up gratuito di allocazione, costi e concentrazione, poi referral consulente",Interesse per gli investimenti: Yes | Obiettivo principale: Prepare for retirement | Nel testo: Stimare il gap pensionistico e il versamento mensile per colmarlo | Patrimonio investito dichiarato: €80.000 | Esperienza di investimento: Experienced,400,1.0,281.1,1
FZ-0018,PENSION,Previdenza integrativa,1.0,1.0,1.0,1.0,0.829,0.85,alta,False,,False,"WhatsApp (niente chiamate commerciali, chiesto nel testo)",Calcolo del gap pensionistico e proposta di piano di contribuzione,Interesse per la previdenza: Yes | Obiettivo principale: Prepare for retirement | Nel testo: Stimare il gap pensionistico e il versamento mensile per colmarlo | Evento che fa da trigger: Started freelancing | Fascia d'età 55-64 | Autonomo o freelance: pensione pubblica tipicamente più bassa,160,1.0,112.7,2
FZ-0018,CASH_SAVINGS,Conto deposito / risparmio remunerato,0.6,0.2,1.0,0.36,2.0,0.85,alta,False,,False,"WhatsApp (niente chiamate commerciali, chiesto nel testo)",Proposta di conto deposito per la liquidità ferma o vincolata a un obiettivo,Interesse per prodotti di risparmio: Maybe | Liquidità sul conto: €100.000,70,1.0,42.8,3
FZ-0018,PROTECTION,Protezione famiglia e reddito,0.35,0.1,1.0,0.2,1.0,0.85,alta,False,,False,"WhatsApp (niente chiamate commerciali, chiesto nel testo)",Contenuto educativo sulla protezione + preventivo polizza partner,Evento che fa da trigger: Started freelancing | Mutuo in corso o in arrivo | Reddito non garantito (autonomo o stabilità bassa),150,1.0,25.5,4
FZ-0018,FREELANCE_KIT,Kit freelance (conto business + accantonamento tasse),0.3,0.1,1.0,0.18,1.0,0.85,alta,False,,False,"WhatsApp (niente chiamate commerciali, chiesto nel testo)",Onboarding conto business con regola automatica di accantonamento tasse,Evento che fa da trigger: Started freelancing | Ha appena iniziato a lavorare in proprio,90,1.0,13.8,5
FZ-0018,PREMIUM,Finanz Premium (piano e budget),0.45,0.0,1.0,0.18,1.0,0.85,alta,False,,False,"WhatsApp (niente chiamate commerciali, chiesto nel testo)",Trial Premium con piano finanziario personalizzato,Evento di vita recente: Started freelancing,50,1.0,7.6,6
FZ-0019,DEBT_PLAN,Piano di rientro debiti,1.0,1.0,1.0,1.0,1.0,1.0,alta,False,,False,WhatsApp,"Piano di rientro con priorità per costo del debito, dentro Finanz Premium","Obiettivo principale: Reduce debt | Nel testo: Troppe rate ogni mese: vuole alleggerire la pressione prima di pensare a investire | Debito al consumo: €21.000 (65% del reddito annuo) | Più debiti aperti: Car loan, Credit card | Debito su carta di credito (il più caro) | Risparmio mensile nullo o negativo",50,1.0,50.0,1
FZ-0019,PREMIUM,Finanz Premium (piano e budget),0.75,0.3,1.0,0.48,1.0,1.0,alta,False,,False,WhatsApp,Trial Premium con piano finanziario personalizzato,Nel testo: Troppe rate ogni mese: vuole alleggerire la pressione prima di pensare a investire | Sicurezza nelle decisioni finanziarie bassa (2/5) | Chiede esplicitamente un piano o un budget,50,1.0,24.0,2
FZ-0019,PROTECTION,Protezione famiglia e reddito,0.85,0.1,1.0,0.06,1.25,1.0,alta,True,Utente sotto pressione finanziaria: prima il piano di rientro e il cash flow,True,Call con consulente,Sospesa. Utente sotto pressione finanziaria: prima il piano di rientro e il cash flow,Aperto a una call con consulente | 1 persone a carico | Fondo di emergenza dichiarato: 1 mesi | Reddito non garantito (autonomo o stabilità bassa) | Bisogno latente: dice di non essere interessato alle assicurazioni,150,1.0,11.2,3
FZ-0019,PENSION,Previdenza integrativa,0.5,0.1,1.0,0.039,0.771,1.0,alta,True,Utente sotto pressione finanziaria: prima il piano di rientro e il cash flow,False,Call con consulente,Sospesa. Utente sotto pressione finanziaria: prima il piano di rientro e il cash flow,Aperto a una call con consulente | Fascia d'età 35-44,160,1.0,4.8,4
FZ-0020,PROTECTION,Protezione famiglia e reddito,0.4,1.0,1.0,0.76,1.75,1.0,alta,False,,False,WhatsApp,Contenuto educativo sulla protezione + preventivo polizza partner,Interesse per le assicurazioni: Yes | Obiettivo principale: Protect family finances | Nel testo: Con i figli le finanze si sono complicate: vuole un piano familiare | 3 persone a carico,150,1.0,199.5,1
FZ-0020,INVEST_START,Avvio investimenti (PAC/ETF),0.514,0.4,1.0,0.446,0.73,1.0,alta,False,,False,WhatsApp,Percorso guidato di primo investimento con PAC mensile,Interesse per gli investimenti: Yes | Liquidità oltre il cuscinetto di sicurezza: circa €12.800 | Risparmia €300 al mese (7% del reddito),180,1.0,58.6,2
FZ-0020,PENSION,Previdenza integrativa,0.3,0.2,1.0,0.24,1.314,1.0,alta,False,,False,WhatsApp,Calcolo del gap pensionistico e proposta di piano di contribuzione,Interesse per la previdenza: Maybe | Fascia d'età 25-34,160,1.0,50.5,3
FZ-0020,PREMIUM,Finanz Premium (piano e budget),0.2,1.0,1.0,0.68,1.0,1.0,alta,False,,False,WhatsApp,Trial Premium con piano finanziario personalizzato,Obiettivo principale: Protect family finances | Nel testo: Con i figli le finanze si sono complicate: vuole un piano familiare | Chiede esplicitamente un piano o un budget,50,1.0,34.0,4
FZ-0020,CASH_SAVINGS,Conto deposito / risparmio remunerato,0.45,0.4,1.0,0.42,1.0,1.0,alta,False,,False,WhatsApp,Proposta di conto deposito per la liquidità ferma o vincolata a un obiettivo,Interesse per prodotti di risparmio: Yes | Liquidità sul conto: €30.000,70,1.0,29.4,5
FZ-0021,MORTGAGE,Mutuo prima casa,0.5,1.0,0.45,0.36,1.6,0.85,alta,False,,False,"Email (niente chiamate commerciali, chiesto nel testo)",Simulazione di sostenibilità e lead al broker mutui partner,Interesse per il mutuo: Yes | Obiettivo principale: Buy a home | Nel testo: Piano per comprare casa in 1-2 anni e confrontare i mutui | Pianifica l'acquisto casa entro 36 mesi | Anticipo ancora lontano: liquidità al 43% del necessario stimato | Mutuo sostenibile stimato: circa €240.000,700,1.0,342.7,1
FZ-0021,CASH_SAVINGS,Conto deposito / risparmio remunerato,0.88,1.0,1.0,0.952,1.067,0.85,alta,False,,False,"Email (niente chiamate commerciali, chiesto nel testo)",Proposta di conto deposito per la liquidità ferma o vincolata a un obiettivo,Interesse per prodotti di risparmio: Yes | Obiettivo principale: Buy a home | Nel testo: Piano per comprare casa in 1-2 anni e confrontare i mutui | Evento che fa da trigger: Unexpected expense | Liquidità sul conto: €32.000 | Tolleranza al rischio bassa (2/5) | Liquidità vincolata all'anticipo casa: serve rendimento senza rischio,70,1.0,60.4,2
FZ-0021,PROTECTION,Protezione famiglia e reddito,0.55,0.2,1.0,0.34,1.25,0.85,alta,False,,False,"Email (niente chiamate commerciali, chiesto nel testo)",Contenuto educativo sulla protezione + preventivo polizza partner,Interesse per le assicurazioni: Maybe | 1 persone a carico | Mutuo in corso o in arrivo,150,1.0,54.2,3
FZ-0021,PREMIUM,Finanz Premium (piano e budget),0.6,0.0,1.0,0.24,1.0,0.85,alta,False,,False,"Email (niente chiamate commerciali, chiesto nel testo)",Trial Premium con piano finanziario personalizzato,Sicurezza nelle decisioni finanziarie bassa (2/5) | Evento di vita recente: Unexpected expense,50,1.0,10.2,4
FZ-0022,INVEST_START,Avvio investimenti (PAC/ETF),1.0,1.0,1.0,1.0,1.605,1.0,alta,False,,False,Email,Percorso guidato di primo investimento con PAC mensile,Interesse per gli investimenti: Yes | Obiettivo principale: Start investing | Nel testo: Vuole un piano di investimento di lungo periodo e smettere di tenere tutto in liquidità | Liquidità oltre il cuscinetto di sicurezza: circa €27.600 | Risparmia €750 al mese (36% del reddito),180,1.0,288.9,1
FZ-0022,PROTECTION,Protezione famiglia e reddito,0.4,0.1,1.0,0.22,1.5,1.0,alta,False,,False,Call con consulente,Contenuto educativo sulla protezione + preventivo polizza partner,Aperto a una call con consulente | 2 persone a carico,150,1.0,49.5,2
FZ-0022,CASH_SAVINGS,Conto deposito / risparmio remunerato,0.695,0.58,1.0,0.626,1.1,1.0,alta,False,,False,Email,Proposta di conto deposito per la liquidità ferma o vincolata a un obiettivo,Interesse per prodotti di risparmio: Yes | Nel testo: Vuole un piano di investimento di lungo periodo e smettere di tenere tutto in liquidità | Liquidità sul conto: €33.000 | Tolleranza al rischio bassa (2/5),70,1.0,48.2,3
FZ-0022,PREMIUM,Finanz Premium (piano e budget),0.25,0.1,1.0,0.16,1.0,1.0,alta,False,,False,Email,Trial Premium con piano finanziario personalizzato,Evento che fa da trigger: Planning relocation | Evento di vita recente: Planning relocation,50,1.0,8.0,4
FZ-0023,DEBT_PLAN,Piano di rientro debiti,0.825,1.0,1.0,0.93,1.0,0.3,media,False,,False,In-app (nessun consenso marketing),"Piano di rientro con priorità per costo del debito, dentro Finanz Premium","Obiettivo principale: Reduce debt | Nel testo: Piano realistico per ripagare i debiti e ricostruire il cuscinetto | Debito al consumo: €10.000 (19% del reddito annuo) | Più debiti aperti: Credit card, Personal loan | Debito su carta di credito (il più caro) | Risparmio mensile nullo o negativo",50,0.9,12.6,1
FZ-0023,PREMIUM,Finanz Premium (piano e budget),0.8,0.3,1.0,0.5,1.0,0.3,media,False,,False,In-app (nessun consenso marketing),Trial Premium con piano finanziario personalizzato,Nel testo: Piano realistico per ripagare i debiti e ricostruire il cuscinetto | Sicurezza nelle decisioni finanziarie bassa (1/5) | Evento di vita recente: Promotion,50,0.9,6.8,2
FZ-0023,PROTECTION,Protezione famiglia e reddito,0.85,0.1,1.0,0.06,1.5,0.3,media,True,Utente sotto pressione finanziaria: prima il piano di rientro e il cash flow,True,In-app (nessun consenso marketing); può prenotare lui la call,Sospesa. Utente sotto pressione finanziaria: prima il piano di rientro e il cash flow,Aperto a una call con consulente | 2 persone a carico | Fondo di emergenza dichiarato: 1 mesi | Reddito non garantito (autonomo o stabilità bassa) | Bisogno latente: dice di non essere interessato alle assicurazioni,150,0.9,3.6,3
FZ-0023,PENSION,Previdenza integrativa,0.5,0.2,1.0,0.048,1.221,0.3,media,True,Utente sotto pressione finanziaria: prima il piano di rientro e il cash flow,False,In-app (nessun consenso marketing); può prenotare lui la call,Sospesa. Utente sotto pressione finanziaria: prima il piano di rientro e il cash flow,Evento che fa da trigger: Promotion | Aperto a una call con consulente | Fascia d'età 35-44,160,0.9,2.5,4
FZ-0024,INVEST_START,Avvio investimenti (PAC/ETF),0.418,1.0,1.0,0.767,0.5,0.3,media,False,,False,In-app (nessun consenso marketing),Percorso guidato di primo investimento con PAC mensile,Interesse per gli investimenti: Yes | Obiettivo principale: Start investing | Nel testo: Vuole un piano di investimento di lungo periodo e smettere di tenere tutto in liquidità | Liquidità oltre il cuscinetto di sicurezza: circa €5.400 | Risparmia €500 al mese (13% del reddito),180,0.9,18.6,1
FZ-0024,PROTECTION,Protezione famiglia e reddito,0.4,0.0,1.0,0.16,1.25,0.3,media,False,,False,In-app (nessun consenso marketing),Contenuto educativo sulla protezione + preventivo polizza partner,1 persone a carico,150,0.9,8.1,2
FZ-0024,CASH_SAVINGS,Conto deposito / risparmio remunerato,0.285,0.68,1.0,0.522,0.633,0.3,media,False,,False,In-app (nessun consenso marketing),Proposta di conto deposito per la liquidità ferma o vincolata a un obiettivo,Interesse per prodotti di risparmio: Yes | Nel testo: Vuole un piano di investimento di lungo periodo e smettere di tenere tutto in liquidità | Evento che fa da trigger: Unexpected expense | Liquidità sul conto: €19.000,70,0.9,6.2,3
FZ-0024,PREMIUM,Finanz Premium (piano e budget),0.6,0.0,1.0,0.24,1.0,0.3,media,False,,False,In-app (nessun consenso marketing),Trial Premium con piano finanziario personalizzato,Sicurezza nelle decisioni finanziarie bassa (2/5) | Evento di vita recente: Unexpected expense,50,0.9,3.2,4
FZ-0025,PREMIUM,Finanz Premium (piano e budget),0.25,1.0,1.0,0.7,1.0,1.0,media,False,,False,Phone,Trial Premium con piano finanziario personalizzato,"Obiettivo principale: Build emergency fund | Nel testo: Prima costruire il fondo di emergenza, poi imparare a investire piccole somme | Evento che fa da trigger: Had a child | Evento di vita recente: Had a child",50,0.9,31.5,1
FZ-0025,PROTECTION,Protezione famiglia e reddito,0.25,0.1,1.0,0.16,1.0,1.0,media,False,,False,Phone,Contenuto educativo sulla protezione + preventivo polizza partner,Evento che fa da trigger: Had a child | Fondo di emergenza dichiarato: 2 mesi,150,0.9,21.6,2
FZ-0025,INVEST_START,Avvio investimenti (PAC/ETF),0.217,0.2,1.0,0.031,0.5,1.0,media,True,Prima il fondo di emergenza (meno di 3 mesi di spese coperti),False,Phone,Sospesa. Prima il fondo di emergenza (meno di 3 mesi di spese coperti),Interesse per gli investimenti: Maybe | Risparmia €250 al mese (11% del reddito),180,0.9,2.5,3
FZ-0026,PROTECTION,Protezione famiglia e reddito,0.4,1.0,1.0,0.76,1.75,1.0,alta,False,,False,Call con consulente,Contenuto educativo sulla protezione + preventivo polizza partner,Interesse per le assicurazioni: Yes | Obiettivo principale: Protect family finances | Nel testo: Nuovo figlio: verificare che fondo emergenza e protezioni siano adeguati | Evento che fa da trigger: Had a child | Aperto a una call con consulente | 3 persone a carico,150,1.0,199.5,1
FZ-0026,INVEST_START,Avvio investimenti (PAC/ETF),0.709,0.4,1.0,0.524,1.7,1.0,alta,False,,False,Phone,Percorso guidato di primo investimento con PAC mensile,Interesse per gli investimenti: Yes | Liquidità oltre il cuscinetto di sicurezza: circa €32.200 | Risparmia €300 al mese (5% del reddito),180,1.0,160.3,2
FZ-0026,PENSION,Previdenza integrativa,0.5,0.3,1.0,0.38,1.571,1.0,alta,False,,False,Call con consulente,Calcolo del gap pensionistico e proposta di piano di contribuzione,Interesse per la previdenza: Maybe | Aperto a una call con consulente | Fascia d'età 35-44,160,1.0,95.5,3
FZ-0026,CASH_SAVINGS,Conto deposito / risparmio remunerato,0.6,0.58,1.0,0.588,1.767,1.0,alta,False,,False,Phone,Proposta di conto deposito per la liquidità ferma o vincolata a un obiettivo,Interesse per prodotti di risparmio: Yes | Nel testo: Nuovo figlio: verificare che fondo emergenza e protezioni siano adeguati | Liquidità sul conto: €53.000,70,1.0,72.7,4
FZ-0026,PREMIUM,Finanz Premium (piano e budget),0.45,0.9,1.0,0.72,1.0,1.0,alta,False,,False,Phone,Trial Premium con piano finanziario personalizzato,Obiettivo principale: Protect family finances | Nel testo: Nuovo figlio: verificare che fondo emergenza e protezioni siano adeguati | Evento che fa da trigger: Had a child | Evento di vita recente: Had a child | Chiede esplicitamente un piano o un budget,50,1.0,36.0,5
FZ-0027,MORTGAGE,Mutuo prima casa,1.0,1.0,0.75,0.75,1.56,1.0,media,False,,False,Call con consulente,Simulazione di sostenibilità e lead al broker mutui partner,Interesse per il mutuo: Yes | Obiettivo principale: Buy a home | Nel testo: Capire quanto mutuo può reggere senza svuotare i risparmi | Aperto a una call con consulente | Pianifica l'acquisto casa entro 12 mesi | La liquidità copre circa il 77% di anticipo e costi stimati | Mutuo sostenibile stimato: circa €234.000,700,0.9,737.1,1
FZ-0027,PROTECTION,Protezione famiglia e reddito,0.55,0.4,1.0,0.46,2.0,1.0,media,False,,False,Call con consulente,Contenuto educativo sulla protezione + preventivo polizza partner,Interesse per le assicurazioni: Maybe | Evento che fa da trigger: Relationship change | Aperto a una call con consulente | 4 persone a carico | Mutuo in corso o in arrivo,150,0.9,124.2,2
FZ-0027,CASH_SAVINGS,Conto deposito / risparmio remunerato,0.8,0.88,1.0,0.848,1.867,1.0,media,False,,False,Email,Proposta di conto deposito per la liquidità ferma o vincolata a un obiettivo,Interesse per prodotti di risparmio: Yes | Obiettivo principale: Buy a home | Nel testo: Capire quanto mutuo può reggere senza svuotare i risparmi | Liquidità sul conto: €56.000 | Liquidità vincolata all'anticipo casa: serve rendimento senza rischio,70,0.9,99.7,3
FZ-0027,INVEST_START,Avvio investimenti (PAC/ETF),0.179,0.2,1.0,0.192,0.5,1.0,media,False,,False,Email,Percorso guidato di primo investimento con PAC mensile,Interesse per gli investimenti: Maybe | Risparmia €350 al mese (9% del reddito),180,0.9,15.6,4
FZ-0027,PREMIUM,Finanz Premium (piano e budget),0.25,0.1,1.0,0.16,1.0,1.0,media,False,,False,Email,Trial Premium con piano finanziario personalizzato,Evento che fa da trigger: Relationship change | Evento di vita recente: Relationship change,50,0.9,7.2,5
FZ-0028,WEALTH_REVIEW,Revisione portafoglio,0.303,1.0,1.0,0.721,0.969,1.0,alta,False,,False,Call con consulente,"Check-up gratuito di allocazione, costi e concentrazione, poi referral consulente",Interesse per gli investimenti: Yes | Obiettivo principale: Prepare for retirement | Nel testo: Stimare il gap pensionistico e il versamento mensile per colmarlo | Aperto a una call con consulente | Patrimonio investito dichiarato: €65.000 | Esperienza di investimento: Intermediate,400,1.0,279.5,1
FZ-0028,PENSION,Previdenza integrativa,0.8,1.0,1.0,0.92,1.514,1.0,alta,False,,False,Call con consulente,Calcolo del gap pensionistico e proposta di piano di contribuzione,Interesse per la previdenza: Yes | Obiettivo principale: Prepare for retirement | Nel testo: Stimare il gap pensionistico e il versamento mensile per colmarlo | Aperto a una call con consulente | Fascia d'età 45-54,160,1.0,222.9,2
FZ-0028,CASH_SAVINGS,Conto deposito / risparmio remunerato,0.6,0.3,1.0,0.42,2.0,1.0,alta,False,,False,WhatsApp,Proposta di conto deposito per la liquidità ferma o vincolata a un obiettivo,Interesse per prodotti di risparmio: Maybe | Evento che fa da trigger: Unexpected expense | Liquidità sul conto: €100.000,70,1.0,58.8,3
FZ-0028,PROTECTION,Protezione famiglia e reddito,0.15,0.1,1.0,0.12,1.0,1.0,alta,False,,False,Call con consulente,Contenuto educativo sulla protezione + preventivo polizza partner,Aperto a una call con consulente | Mutuo in corso o in arrivo,150,1.0,18.0,4
FZ-0028,PREMIUM,Finanz Premium (piano e budget),0.25,0.0,1.0,0.1,1.0,1.0,alta,False,,False,WhatsApp,Trial Premium con piano finanziario personalizzato,Evento di vita recente: Unexpected expense,50,1.0,5.0,5
FZ-0029,PROTECTION,Protezione famiglia e reddito,0.6,0.2,1.0,0.36,1.5,0.3,alta,False,,True,In-app (nessun consenso marketing); può prenotare lui la call,"Contenuto educativo sulla protezione, nessuna offerta diretta per ora",Evento che fa da trigger: Started freelancing | Aperto a una call con consulente | 2 persone a carico | Reddito non garantito (autonomo o stabilità bassa) | Bisogno latente: dice di non essere interessato alle assicurazioni,150,1.0,24.3,1
FZ-0029,FREELANCE_KIT,Kit freelance (conto business + accantonamento tasse),0.3,0.1,1.0,0.18,1.0,0.3,alta,False,,False,In-app (nessun consenso marketing),Onboarding conto business con regola automatica di accantonamento tasse,Evento che fa da trigger: Started freelancing | Ha appena iniziato a lavorare in proprio,90,1.0,4.9,2
FZ-0029,PREMIUM,Finanz Premium (piano e budget),0.8,0.0,1.0,0.32,1.0,0.3,alta,False,,False,In-app (nessun consenso marketing),Trial Premium con piano finanziario personalizzato,Sicurezza nelle decisioni finanziarie bassa (2/5) | Evento di vita recente: Started freelancing,50,1.0,4.8,3
FZ-0029,CASH_SAVINGS,Conto deposito / risparmio remunerato,0.165,0.58,1.0,0.414,0.5,0.3,alta,False,,False,In-app (nessun consenso marketing),Proposta di conto deposito per la liquidità ferma o vincolata a un obiettivo,"Interesse per prodotti di risparmio: Yes | Nel testo: Liquidità ferma sul conto, vuole iniziare a investire senza rischi che non capisce | Liquidità sul conto: €11.000",70,1.0,4.3,4
FZ-0029,INVEST_START,Avvio investimenti (PAC/ETF),0.24,1.0,1.0,0.104,0.5,0.3,alta,True,Prima chiudere il debito su carta di credito: costa più di quanto renderebbe investire,False,In-app (nessun consenso marketing),Sospesa. Prima chiudere il debito su carta di credito: costa più di quanto renderebbe investire,"Interesse per gli investimenti: Yes | Obiettivo principale: Start investing | Nel testo: Liquidità ferma sul conto, vuole iniziare a investire senza rischi che non capisce | Risparmia €250 al mese (10% del reddito)",180,1.0,2.8,5
FZ-0029,DEBT_PLAN,Piano di rientro debiti,0.337,0.0,1.0,0.135,1.0,0.3,alta,False,,False,In-app (nessun consenso marketing),"Piano di rientro con priorità per costo del debito, dentro Finanz Premium",Debito al consumo: €3.500 (11% del reddito annuo) | Debito su carta di credito (il più caro),50,1.0,2.0,6
FZ-0030,INVEST_START,Avvio investimenti (PAC/ETF),0.594,1.0,1.0,0.837,0.517,0.3,media,False,,False,In-app (nessun consenso marketing),Percorso guidato di primo investimento con PAC mensile,Interesse per gli investimenti: Yes | Obiettivo principale: Start investing | Nel testo: Vuole un PAC in ETF e capire quanto può investire in sicurezza | Liquidità oltre il cuscinetto di sicurezza: circa €6.450 | Risparmia €650 al mese (23% del reddito),180,0.9,21.0,1
FZ-0030,PENSION,Previdenza integrativa,0.5,0.0,1.0,0.2,0.8,0.3,media,False,,False,In-app (nessun consenso marketing),Calcolo del gap pensionistico e proposta di piano di contribuzione,Fascia d'età 35-44,160,0.9,6.9,2
FZ-0030,CASH_SAVINGS,Conto deposito / risparmio remunerato,0.29,0.58,1.0,0.464,0.645,0.3,media,False,,False,In-app (nessun consenso marketing),Proposta di conto deposito per la liquidità ferma o vincolata a un obiettivo,Interesse per prodotti di risparmio: Yes | Nel testo: Vuole un PAC in ETF e capire quanto può investire in sicurezza | Liquidità sul conto: €19.350,70,0.9,5.7,3
FZ-0030,PREMIUM,Finanz Premium (piano e budget),0.25,0.1,1.0,0.16,1.0,0.3,media,False,,False,In-app (nessun consenso marketing),Trial Premium con piano finanziario personalizzato,Evento che fa da trigger: Moved city | Evento di vita recente: Moved city,50,0.9,2.2,4
FZ-0031,MORTGAGE,Mutuo prima casa,0.5,1.0,0.45,0.36,1.56,1.0,media,False,,False,WhatsApp,Simulazione di sostenibilità e lead al broker mutui partner,Interesse per il mutuo: Yes | Obiettivo principale: Buy a home | Nel testo: Capire quanto mutuo può reggere senza svuotare i risparmi | Pianifica l'acquisto casa entro 36 mesi | Anticipo ancora lontano: liquidità al 26% del necessario stimato | Mutuo sostenibile stimato: circa €234.000,700,0.9,353.8,1
FZ-0031,PROTECTION,Protezione famiglia e reddito,0.55,0.2,1.0,0.34,1.25,1.0,media,False,,False,WhatsApp,Contenuto educativo sulla protezione + preventivo polizza partner,Interesse per le assicurazioni: Maybe | 1 persone a carico | Mutuo in corso o in arrivo,150,0.9,57.4,2
FZ-0031,CASH_SAVINGS,Conto deposito / risparmio remunerato,0.485,0.98,1.0,0.782,0.633,1.0,media,False,,False,WhatsApp,Proposta di conto deposito per la liquidità ferma o vincolata a un obiettivo,Interesse per prodotti di risparmio: Yes | Obiettivo principale: Buy a home | Nel testo: Capire quanto mutuo può reggere senza svuotare i risparmi | Evento che fa da trigger: Unexpected expense | Liquidità sul conto: €19.000 | Liquidità vincolata all'anticipo casa: serve rendimento senza rischio,70,0.9,31.2,3
FZ-0031,PREMIUM,Finanz Premium (piano e budget),0.25,0.0,1.0,0.1,1.0,1.0,media,False,,False,WhatsApp,Trial Premium con piano finanziario personalizzato,Evento di vita recente: Unexpected expense,50,0.9,4.5,4
FZ-0032,PROTECTION,Protezione famiglia e reddito,0.4,1.0,1.0,0.76,1.5,1.0,alta,False,,False,Call con consulente,Contenuto educativo sulla protezione + preventivo polizza partner,Interesse per le assicurazioni: Yes | Obiettivo principale: Protect family finances | Nel testo: Nuovo figlio: verificare che fondo emergenza e protezioni siano adeguati | Aperto a una call con consulente | 2 persone a carico,150,1.0,171.0,1
FZ-0032,INVEST_START,Avvio investimenti (PAC/ETF),0.82,0.4,1.0,0.568,1.12,1.0,alta,False,,False,Phone,Percorso guidato di primo investimento con PAC mensile,Interesse per gli investimenti: Yes | Liquidità oltre il cuscinetto di sicurezza: circa €18.500 | Risparmia €650 al mese (13% del reddito),180,1.0,114.5,2
FZ-0032,PENSION,Previdenza integrativa,0.5,0.3,1.0,0.38,1.4,1.0,alta,False,,False,Call con consulente,Calcolo del gap pensionistico e proposta di piano di contribuzione,Interesse per la previdenza: Maybe | Aperto a una call con consulente | Fascia d'età 35-44,160,1.0,85.1,3
FZ-0032,CASH_SAVINGS,Conto deposito / risparmio remunerato,0.8,0.58,1.0,0.668,1.467,1.0,alta,False,,False,Phone,Proposta di conto deposito per la liquidità ferma o vincolata a un obiettivo,Interesse per prodotti di risparmio: Yes | Nel testo: Nuovo figlio: verificare che fondo emergenza e protezioni siano adeguati | Liquidità sul conto: €44.000 | Tolleranza al rischio bassa (2/5),70,1.0,68.6,4
FZ-0032,PREMIUM,Finanz Premium (piano e budget),0.2,0.8,1.0,0.56,1.0,1.0,alta,False,,False,Phone,Trial Premium con piano finanziario personalizzato,Obiettivo principale: Protect family finances | Nel testo: Nuovo figlio: verificare che fondo emergenza e protezioni siano adeguati | Chiede esplicitamente un piano o un budget,50,1.0,28.0,5
FZ-0033,INVEST_START,Avvio investimenti (PAC/ETF),0.785,1.0,1.0,0.914,2.0,1.0,alta,False,,False,Phone,Percorso guidato di primo investimento con PAC mensile,Interesse per gli investimenti: Yes | Obiettivo principale: Make savings work harder | Nel testo: Dividere la liquidità tra fondo emergenza e investimenti | Liquidità oltre il cuscinetto di sicurezza: circa €106.400 | Risparmia €600 al mese (9% del reddito),180,1.0,329.0,1
FZ-0033,PENSION,Previdenza integrativa,0.9,0.6,1.0,0.72,1.857,1.0,alta,False,,False,Call con consulente,Calcolo del gap pensionistico e proposta di piano di contribuzione,Interesse per la previdenza: Yes | Evento che fa da trigger: Started freelancing | Aperto a una call con consulente | Fascia d'età 45-54 | Autonomo o freelance: pensione pubblica tipicamente più bassa,160,1.0,213.9,2
FZ-0033,CASH_SAVINGS,Conto deposito / risparmio remunerato,0.8,1.0,1.0,0.92,2.0,1.0,alta,False,,False,Phone,Proposta di conto deposito per la liquidità ferma o vincolata a un obiettivo,Interesse per prodotti di risparmio: Yes | Obiettivo principale: Make savings work harder | Nel testo: Dividere la liquidità tra fondo emergenza e investimenti | Liquidità sul conto: €130.000 | Tolleranza al rischio bassa (2/5),70,1.0,128.8,3
FZ-0033,PROTECTION,Protezione famiglia e reddito,0.75,0.2,1.0,0.42,1.25,1.0,alta,False,,True,Call con consulente,"Contenuto educativo sulla protezione, nessuna offerta diretta per ora",Evento che fa da trigger: Started freelancing | Aperto a una call con consulente | 1 persone a carico | Mutuo in corso o in arrivo | Reddito non garantito (autonomo o stabilità bassa) | Bisogno latente: dice di non essere interessato alle assicurazioni,150,1.0,78.8,4
FZ-0033,PREMIUM,Finanz Premium (piano e budget),0.45,0.3,1.0,0.36,1.0,1.0,alta,False,,False,Phone,Trial Premium con piano finanziario personalizzato,Nel testo: Dividere la liquidità tra fondo emergenza e investimenti | Evento di vita recente: Started freelancing,50,1.0,18.0,5
FZ-0033,FREELANCE_KIT,Kit freelance (conto business + accantonamento tasse),0.3,0.1,1.0,0.18,1.0,1.0,alta,False,,False,Phone,Onboarding conto business con regola automatica di accantonamento tasse,Evento che fa da trigger: Started freelancing | Ha appena iniziato a lavorare in proprio,90,1.0,16.2,6
FZ-0034,PREMIUM,Finanz Premium (piano e budget),0.6,1.0,1.0,0.84,1.0,1.0,media,False,,False,Email,Trial Premium con piano finanziario personalizzato,"Obiettivo principale: Build emergency fund | Nel testo: Prima costruire il fondo di emergenza, poi imparare a investire piccole somme | Evento che fa da trigger: Had a child | Sicurezza nelle decisioni finanziarie bassa (1/5) | Evento di vita recente: Had a child",50,0.9,37.8,1
FZ-0034,PROTECTION,Protezione famiglia e reddito,0.45,0.1,1.0,0.24,1.0,1.0,media,False,,False,Email,Contenuto educativo sulla protezione + preventivo polizza partner,Evento che fa da trigger: Had a child | Fondo di emergenza dichiarato: 0 mesi | Reddito non garantito (autonomo o stabilità bassa),150,0.9,32.4,2
FZ-0034,INVEST_START,Avvio investimenti (PAC/ETF),0.062,0.4,1.0,0.265,0.5,1.0,media,False,,False,Email,Percorso guidato di primo investimento con PAC mensile,Interesse per gli investimenti: Yes | Risparmia €50 al mese (3% del reddito),180,0.9,21.5,3
FZ-0035,PREMIUM,Finanz Premium (piano e budget),1.0,1.0,1.0,1.0,1.0,0.3,bassa,False,,False,In-app (nessun consenso marketing),Trial Premium con piano finanziario personalizzato,Obiettivo principale: Build emergency fund | Nel testo: Impostare un budget ora che ha il primo stipendio vero | Evento che fa da trigger: New job | Sicurezza nelle decisioni finanziarie bassa (2/5) | Evento di vita recente: New job | Chiede esplicitamente un piano o un budget,50,0.75,11.2,1
FZ-0035,INVEST_START,Avvio investimenti (PAC/ETF),0.0,0.5,1.0,0.045,0.5,0.3,bassa,True,Prima il fondo di emergenza (meno di 3 mesi di spese coperti),False,In-app (nessun consenso marketing),Sospesa. Prima il fondo di emergenza (meno di 3 mesi di spese coperti),Interesse per gli investimenti: Yes | Evento che fa da trigger: New job,180,0.75,0.9,2
FZ-0036,MORTGAGE,Mutuo prima casa,1.0,1.0,0.45,0.45,1.28,1.0,alta,False,,False,Email,Simulazione di sostenibilità e lead al broker mutui partner,Interesse per il mutuo: Yes | Obiettivo principale: Buy a home | Nel testo: Capire quanto mutuo può reggere senza svuotare i risparmi | Pianifica l'acquisto casa entro 18 mesi | Anticipo ancora lontano: liquidità al 28% del necessario stimato | Mutuo sostenibile stimato: circa €192.000,700,1.0,403.2,1
FZ-0036,PROTECTION,Protezione famiglia e reddito,0.55,0.0,1.0,0.22,1.25,1.0,alta,False,,True,Email,"Contenuto educativo sulla protezione, nessuna offerta diretta per ora",1 persone a carico | Mutuo in corso o in arrivo | Bisogno latente: dice di non essere interessato alle assicurazioni,150,1.0,41.2,2
FZ-0036,CASH_SAVINGS,Conto deposito / risparmio remunerato,0.655,0.98,1.0,0.85,0.567,1.0,alta,False,,False,Email,Proposta di conto deposito per la liquidità ferma o vincolata a un obiettivo,Interesse per prodotti di risparmio: Yes | Obiettivo principale: Buy a home | Nel testo: Capire quanto mutuo può reggere senza svuotare i risparmi | Evento che fa da trigger: Unexpected expense | Liquidità sul conto: €17.000 | Tolleranza al rischio bassa (2/5) | Liquidità vincolata all'anticipo casa: serve rendimento senza rischio,70,1.0,33.7,3
FZ-0036,PREMIUM,Finanz Premium (piano e budget),0.6,0.0,1.0,0.24,1.0,1.0,alta,False,,False,Email,Trial Premium con piano finanziario personalizzato,Sicurezza nelle decisioni finanziarie bassa (2/5) | Evento di vita recente: Unexpected expense,50,1.0,12.0,4
FZ-0037,MORTGAGE,Mutuo prima casa,1.0,1.0,0.85,0.85,0.88,1.0,media,False,,False,Call con consulente,Simulazione di sostenibilità e lead al broker mutui partner,Interesse per il mutuo: Yes | Obiettivo principale: Buy a home | Nel testo: Capire quanto mutuo può reggere senza svuotare i risparmi | Aperto a una call con consulente | Pianifica l'acquisto casa entro 18 mesi | La liquidità (€44.000) copre già anticipo e costi stimati (€41.250) | Contratto a tempo determinato: istruttoria bancaria più difficile | Mutuo sostenibile stimato: circa €132.000,700,0.9,471.2,1
FZ-0037,CASH_SAVINGS,Conto deposito / risparmio remunerato,1.0,0.88,1.0,0.928,1.467,1.0,media,False,,False,Phone,Proposta di conto deposito per la liquidità ferma o vincolata a un obiettivo,Interesse per prodotti di risparmio: Yes | Obiettivo principale: Buy a home | Nel testo: Capire quanto mutuo può reggere senza svuotare i risparmi | Liquidità sul conto: €44.000 | Tolleranza al rischio bassa (2/5) | Liquidità vincolata all'anticipo casa: serve rendimento senza rischio,70,0.9,85.8,2
FZ-0037,PROTECTION,Protezione famiglia e reddito,0.55,0.3,1.0,0.4,1.25,1.0,media,False,,False,Call con consulente,Contenuto educativo sulla protezione + preventivo polizza partner,Interesse per le assicurazioni: Maybe | Aperto a una call con consulente | 1 persone a carico | Mutuo in corso o in arrivo,150,0.9,67.5,3
FZ-0037,INVEST_START,Avvio investimenti (PAC/ETF),0.4,0.3,1.0,0.34,0.5,1.0,media,False,,False,Phone,Percorso guidato di primo investimento con PAC mensile,Interesse per gli investimenti: Maybe | Evento che fa da trigger: Promotion | Risparmia €650 al mese (30% del reddito),180,0.9,27.5,4
FZ-0037,PREMIUM,Finanz Premium (piano e budget),0.25,0.0,1.0,0.1,1.0,1.0,media,False,,False,Phone,Trial Premium con piano finanziario personalizzato,Evento di vita recente: Promotion,50,0.9,4.5,5
FZ-0038,MORTGAGE,Mutuo prima casa,1.0,1.0,0.75,0.75,1.08,1.0,alta,False,,False,Phone,Simulazione di sostenibilità e lead al broker mutui partner,Interesse per il mutuo: Yes | Obiettivo principale: Buy a home | Nel testo: Capire quanto mutuo può reggere senza svuotare i risparmi | Pianifica l'acquisto casa entro 12 mesi | La liquidità copre circa il 61% di anticipo e costi stimati | Mutuo sostenibile stimato: circa €162.000,700,1.0,567.0,1
FZ-0038,CASH_SAVINGS,Conto deposito / risparmio remunerato,0.665,0.88,1.0,0.794,1.033,1.0,alta,False,,False,Phone,Proposta di conto deposito per la liquidità ferma o vincolata a un obiettivo,Interesse per prodotti di risparmio: Yes | Obiettivo principale: Buy a home | Nel testo: Capire quanto mutuo può reggere senza svuotare i risparmi | Liquidità sul conto: €31.000 | Liquidità vincolata all'anticipo casa: serve rendimento senza rischio,70,1.0,57.4,2
FZ-0038,PROTECTION,Protezione famiglia e reddito,0.15,0.2,1.0,0.18,1.0,1.0,alta,False,,False,Phone,Contenuto educativo sulla protezione + preventivo polizza partner,Interesse per le assicurazioni: Maybe | Mutuo in corso o in arrivo,150,1.0,27.0,3
FZ-0038,PREMIUM,Finanz Premium (piano e budget),0.6,0.0,1.0,0.24,1.0,1.0,alta,False,,False,Phone,Trial Premium con piano finanziario personalizzato,Sicurezza nelle decisioni finanziarie bassa (2/5) | Evento di vita recente: Promotion,50,1.0,12.0,4
FZ-0039,DEBT_PLAN,Piano di rientro debiti,0.85,1.0,1.0,0.94,1.0,1.0,media,False,,False,Email,"Piano di rientro con priorità per costo del debito, dentro Finanz Premium","Obiettivo principale: Reduce debt | Nel testo: Rimettere sotto controllo le rate e capire quale debito chiudere prima | Debito al consumo: €15.000 (32% del reddito annuo) | Più debiti aperti: Credit card, Personal loan | Debito su carta di credito (il più caro)",50,0.9,42.3,1
FZ-0039,PREMIUM,Finanz Premium (piano e budget),1.0,0.4,1.0,0.64,1.0,1.0,media,False,,False,Email,Trial Premium con piano finanziario personalizzato,Nel testo: Rimettere sotto controllo le rate e capire quale debito chiudere prima | Evento che fa da trigger: Planning relocation | Sicurezza nelle decisioni finanziarie bassa (2/5) | Evento di vita recente: Planning relocation | Chiede esplicitamente un piano o un budget,50,0.9,28.8,2
FZ-0040,MORTGAGE,Mutuo prima casa,1.0,1.0,0.45,0.45,1.52,1.0,alta,False,,False,Call con consulente,Simulazione di sostenibilità e lead al broker mutui partner,Interesse per il mutuo: Yes | Obiettivo principale: Buy a home | Nel testo: Capire quanto mutuo può reggere senza svuotare i risparmi | Evento che fa da trigger: Moved city | Aperto a una call con consulente | Pianifica l'acquisto casa entro 18 mesi | Anticipo ancora lontano: liquidità al 36% del necessario stimato | Mutuo sostenibile stimato: circa €228.000,700,1.0,478.8,1
FZ-0040,CASH_SAVINGS,Conto deposito / risparmio remunerato,0.79,0.88,1.0,0.844,0.867,1.0,alta,False,,False,Phone,Proposta di conto deposito per la liquidità ferma o vincolata a un obiettivo,Interesse per prodotti di risparmio: Yes | Obiettivo principale: Buy a home | Nel testo: Capire quanto mutuo può reggere senza svuotare i risparmi | Liquidità sul conto: €26.000 | Tolleranza al rischio bassa (2/5) | Liquidità vincolata all'anticipo casa: serve rendimento senza rischio,70,1.0,51.2,2
FZ-0040,PROTECTION,Protezione famiglia e reddito,0.15,0.1,1.0,0.12,1.0,1.0,alta,False,,False,Call con consulente,Contenuto educativo sulla protezione + preventivo polizza partner,Aperto a una call con consulente | Mutuo in corso o in arrivo,150,1.0,18.0,3
FZ-0040,PREMIUM,Finanz Premium (piano e budget),0.25,0.1,1.0,0.16,1.0,1.0,alta,False,,False,Phone,Trial Premium con piano finanziario personalizzato,Evento che fa da trigger: Moved city | Evento di vita recente: Moved city,50,1.0,8.0,4
FZ-0041,DEBT_PLAN,Piano di rientro debiti,0.65,1.0,1.0,0.86,1.0,1.0,alta,False,,False,WhatsApp,"Piano di rientro con priorità per costo del debito, dentro Finanz Premium",Obiettivo principale: Reduce debt | Nel testo: Troppe rate ogni mese: vuole alleggerire la pressione prima di pensare a investire | Debito al consumo: €15.000 (69% del reddito annuo) | Risparmio mensile nullo o negativo,50,1.0,43.0,1
FZ-0041,PREMIUM,Finanz Premium (piano e budget),1.0,0.4,1.0,0.64,1.0,1.0,alta,False,,False,WhatsApp,Trial Premium con piano finanziario personalizzato,Nel testo: Troppe rate ogni mese: vuole alleggerire la pressione prima di pensare a investire | Evento che fa da trigger: Planning relocation | Sicurezza nelle decisioni finanziarie bassa (1/5) | Evento di vita recente: Planning relocation | Chiede esplicitamente un piano o un budget,50,1.0,32.0,2
FZ-0042,INVEST_START,Avvio investimenti (PAC/ETF),0.829,1.0,1.0,0.931,2.0,1.0,alta,False,,False,Email,Percorso guidato di primo investimento con PAC mensile,Interesse per gli investimenti: Yes | Obiettivo principale: Make savings work harder | Nel testo: Una strategia semplice per i risparmi invece di spostarli senza piano | Evento che fa da trigger: Promotion | Liquidità oltre il cuscinetto di sicurezza: circa €45.200 | Risparmia €800 al mese (11% del reddito),180,1.0,335.2,1
FZ-0042,PENSION,Previdenza integrativa,0.5,0.6,1.0,0.56,2.0,1.0,alta,False,,False,Call con consulente,Calcolo del gap pensionistico e proposta di piano di contribuzione,Interesse per la previdenza: Yes | Evento che fa da trigger: Promotion | Aperto a una call con consulente | Fascia d'età 35-44,160,1.0,179.2,2
FZ-0042,CASH_SAVINGS,Conto deposito / risparmio remunerato,0.9,1.0,1.0,0.96,2.0,1.0,alta,False,,False,Email,Proposta di conto deposito per la liquidità ferma o vincolata a un obiettivo,"Interesse per prodotti di risparmio: Yes | Obiettivo principale: Make savings work harder | Nel testo: Una strategia semplice per i risparmi invece di spostarli senza piano | Liquidità sul conto: €70.000 | Tolleranza al rischio bassa (2/5) | Preoccupazione: ""Inflation reducing the value of my cash""",70,1.0,134.4,3
FZ-0042,PROTECTION,Protezione famiglia e reddito,0.4,0.1,1.0,0.22,1.75,1.0,alta,False,,False,Call con consulente,Contenuto educativo sulla protezione + preventivo polizza partner,Aperto a una call con consulente | 3 persone a carico,150,1.0,57.8,4
FZ-0042,PREMIUM,Finanz Premium (piano e budget),0.45,0.3,1.0,0.36,1.0,1.0,alta,False,,False,Email,Trial Premium con piano finanziario personalizzato,Nel testo: Una strategia semplice per i risparmi invece di spostarli senza piano | Evento di vita recente: Promotion | Chiede esplicitamente un piano o un budget,50,1.0,18.0,5
FZ-0043,INVEST_START,Avvio investimenti (PAC/ETF),0.807,1.0,1.0,0.923,2.0,0.3,alta,False,,False,In-app (nessun consenso marketing),Percorso guidato di primo investimento con PAC mensile,Interesse per gli investimenti: Yes | Obiettivo principale: Make savings work harder | Nel testo: Una strategia semplice per i risparmi invece di spostarli senza piano | Liquidità oltre il cuscinetto di sicurezza: circa €128.700 | Risparmia €700 al mese (10% del reddito),180,1.0,99.7,1
FZ-0043,PENSION,Previdenza integrativa,0.5,0.5,1.0,0.5,1.929,0.3,alta,False,,False,In-app (nessun consenso marketing); può prenotare lui la call,Calcolo del gap pensionistico e proposta di piano di contribuzione,Interesse per la previdenza: Yes | Aperto a una call con consulente | Fascia d'età 35-44,160,1.0,46.3,2
FZ-0043,CASH_SAVINGS,Conto deposito / risparmio remunerato,0.8,1.0,1.0,0.92,2.0,0.3,alta,False,,False,In-app (nessun consenso marketing),Proposta di conto deposito per la liquidità ferma o vincolata a un obiettivo,Interesse per prodotti di risparmio: Yes | Obiettivo principale: Make savings work harder | Nel testo: Una strategia semplice per i risparmi invece di spostarli senza piano | Liquidità sul conto: €165.000 | Tolleranza al rischio bassa (2/5),70,1.0,38.6,3
FZ-0043,PROTECTION,Protezione famiglia e reddito,0.55,0.1,1.0,0.28,1.25,0.3,alta,False,,True,In-app (nessun consenso marketing); può prenotare lui la call,"Contenuto educativo sulla protezione, nessuna offerta diretta per ora",Aperto a una call con consulente | 1 persone a carico | Mutuo in corso o in arrivo | Bisogno latente: dice di non essere interessato alle assicurazioni,150,1.0,15.8,4
FZ-0043,PREMIUM,Finanz Premium (piano e budget),0.55,0.3,1.0,0.4,1.0,0.3,alta,False,,False,In-app (nessun consenso marketing),Trial Premium con piano finanziario personalizzato,Nel testo: Una strategia semplice per i risparmi invece di spostarli senza piano | Sicurezza nelle decisioni finanziarie bassa (2/5) | Chiede esplicitamente un piano o un budget,50,1.0,6.0,5
FZ-0044,PROTECTION,Protezione famiglia e reddito,0.85,0.0,1.0,0.34,1.25,0.3,alta,False,,True,In-app (nessun consenso marketing),"Contenuto educativo sulla protezione, nessuna offerta diretta per ora",1 persone a carico | Fondo di emergenza dichiarato: 1 mesi | Reddito non garantito (autonomo o stabilità bassa) | Bisogno latente: dice di non essere interessato alle assicurazioni,150,1.0,19.1,1
FZ-0044,PREMIUM,Finanz Premium (piano e budget),0.45,1.0,1.0,0.78,1.0,0.3,alta,False,,False,In-app (nessun consenso marketing),Trial Premium con piano finanziario personalizzato,Obiettivo principale: Build emergency fund | Nel testo: Impostare un budget ora che ha il primo stipendio vero | Evento che fa da trigger: Planning relocation | Evento di vita recente: Planning relocation | Chiede esplicitamente un piano o un budget,50,1.0,11.7,2
FZ-0044,INVEST_START,Avvio investimenti (PAC/ETF),0.261,0.2,1.0,0.224,0.5,0.3,alta,False,,False,In-app (nessun consenso marketing),Percorso guidato di primo investimento con PAC mensile,Interesse per gli investimenti: Maybe | Risparmia €300 al mese (13% del reddito),180,1.0,6.0,3
FZ-0045,MORTGAGE,Mutuo prima casa,1.0,1.0,1.0,1.0,0.84,1.0,media,False,,False,Email,Simulazione di sostenibilità e lead al broker mutui partner,"Interesse per il mutuo: Yes | Obiettivo principale: Buy a home | Nel testo: In affitto, vuole la prima casa e non sa quanto tenere per l'anticipo | Pianifica l'acquisto casa entro 18 mesi | La liquidità (€49.000) copre già anticipo e costi stimati (€39.375) | Mutuo sostenibile stimato: circa €126.000",700,0.9,529.2,1
FZ-0045,CASH_SAVINGS,Conto deposito / risparmio remunerato,1.0,1.0,1.0,1.0,1.633,1.0,media,False,,False,Email,Proposta di conto deposito per la liquidità ferma o vincolata a un obiettivo,"Interesse per prodotti di risparmio: Yes | Obiettivo principale: Buy a home | Nel testo: In affitto, vuole la prima casa e non sa quanto tenere per l'anticipo | Liquidità sul conto: €49.000 | Tolleranza al rischio bassa (2/5) | Liquidità vincolata all'anticipo casa: serve rendimento senza rischio",70,0.9,102.9,2
FZ-0045,INVEST_START,Avvio investimenti (PAC/ETF),0.569,0.2,1.0,0.348,0.611,1.0,media,False,,False,Email,Percorso guidato di primo investimento con PAC mensile,Interesse per gli investimenti: Maybe | Liquidità oltre il cuscinetto di sicurezza: circa €5.625 | Risparmia €1.100 al mese (52% del reddito),180,0.9,34.4,3
FZ-0045,PROTECTION,Protezione famiglia e reddito,0.15,0.2,1.0,0.18,1.0,1.0,media,False,,False,Email,Contenuto educativo sulla protezione + preventivo polizza partner,Interesse per le assicurazioni: Maybe | Mutuo in corso o in arrivo,150,0.9,24.3,4
FZ-0045,PENSION,Previdenza integrativa,0.5,0.0,1.0,0.2,0.6,1.0,media,False,,False,Email,Calcolo del gap pensionistico e proposta di piano di contribuzione,Fascia d'età 35-44,160,0.9,17.3,5
FZ-0045,DEBT_PLAN,Piano di rientro debiti,0.265,0.0,1.0,0.106,1.0,1.0,media,False,,False,Email,"Piano di rientro con priorità per costo del debito, dentro Finanz Premium",Debito al consumo: €4.000 (16% del reddito annuo),50,0.9,4.8,6
FZ-0046,INVEST_START,Avvio investimenti (PAC/ETF),0.731,0.88,1.0,0.821,0.815,0.85,media,False,,False,"WhatsApp (niente chiamate commerciali, chiesto nel testo)",Percorso guidato di primo investimento con PAC mensile,Interesse per gli investimenti: Yes | Obiettivo principale: Build wealth | Nel testo: Trasformare il risparmio regolare in un piano più consapevole | Liquidità oltre il cuscinetto di sicurezza: circa €11.200 | Risparmia €850 al mese (20% del reddito),180,0.9,92.1,1
FZ-0046,PROTECTION,Protezione famiglia e reddito,0.4,0.1,1.0,0.22,1.25,0.85,media,False,,False,"WhatsApp (niente chiamate commerciali, chiesto nel testo)",Contenuto educativo sulla protezione + preventivo polizza partner,Evento che fa da trigger: Had a child | 1 persone a carico,150,0.9,31.6,2
FZ-0046,PENSION,Previdenza integrativa,0.5,0.0,1.0,0.2,1.229,0.85,media,False,,False,"WhatsApp (niente chiamate commerciali, chiesto nel testo)",Calcolo del gap pensionistico e proposta di piano di contribuzione,Fascia d'età 35-44,160,0.9,30.1,3
FZ-0046,CASH_SAVINGS,Conto deposito / risparmio remunerato,0.575,0.58,1.0,0.578,0.833,0.85,media,False,,False,"WhatsApp (niente chiamate commerciali, chiesto nel testo)",Proposta di conto deposito per la liquidità ferma o vincolata a un obiettivo,Interesse per prodotti di risparmio: Yes | Nel testo: Trasformare il risparmio regolare in un piano più consapevole | Liquidità sul conto: €25.000 | Tolleranza al rischio bassa (2/5),70,0.9,25.8,4
FZ-0046,PREMIUM,Finanz Premium (piano e budget),0.45,0.6,1.0,0.54,1.0,0.85,media,False,,False,"WhatsApp (niente chiamate commerciali, chiesto nel testo)",Trial Premium con piano finanziario personalizzato,Nel testo: Trasformare il risparmio regolare in un piano più consapevole | Evento che fa da trigger: Had a child | Evento di vita recente: Had a child | Chiede esplicitamente un piano o un budget,50,0.9,20.7,5
FZ-0047,PROTECTION,Protezione famiglia e reddito,0.65,1.0,1.0,0.86,1.25,1.0,alta,False,,False,Phone,Contenuto educativo sulla protezione + preventivo polizza partner,"Interesse per le assicurazioni: Yes | Obiettivo principale: Protect family finances | Nel testo: Pianificare spese familiari, assicurazioni e risparmio senza strafare ogni mese | Evento che fa da trigger: Got married | 1 persone a carico | Fondo di emergenza dichiarato: 2 mesi",150,1.0,161.2,1
FZ-0047,INVEST_START,Avvio investimenti (PAC/ETF),0.53,0.4,1.0,0.452,0.73,1.0,alta,False,,False,Phone,Percorso guidato di primo investimento con PAC mensile,Interesse per gli investimenti: Yes | Liquidità oltre il cuscinetto di sicurezza: circa €12.800 | Risparmia €300 al mese (7% del reddito),180,1.0,59.4,2
FZ-0047,PENSION,Previdenza integrativa,0.3,0.2,1.0,0.24,1.171,1.0,alta,False,,False,Phone,Calcolo del gap pensionistico e proposta di piano di contribuzione,Interesse per la previdenza: Maybe | Fascia d'età 25-34,160,1.0,45.0,3
FZ-0047,PREMIUM,Finanz Premium (piano e budget),0.45,1.0,1.0,0.78,1.0,1.0,alta,False,,False,Phone,Trial Premium con piano finanziario personalizzato,"Obiettivo principale: Protect family finances | Nel testo: Pianificare spese familiari, assicurazioni e risparmio senza strafare ogni mese | Evento che fa da trigger: Got married | Evento di vita recente: Got married | Chiede esplicitamente un piano o un budget",50,1.0,39.0,4
FZ-0047,CASH_SAVINGS,Conto deposito / risparmio remunerato,0.42,0.4,1.0,0.408,0.933,1.0,alta,False,,False,Phone,Proposta di conto deposito per la liquidità ferma o vincolata a un obiettivo,Interesse per prodotti di risparmio: Yes | Liquidità sul conto: €28.000,70,1.0,26.6,5
FZ-0048,INVEST_START,Avvio investimenti (PAC/ETF),1.0,0.4,1.0,0.64,2.0,1.0,alta,False,,False,WhatsApp,Percorso guidato di primo investimento con PAC mensile,Interesse per gli investimenti: Yes | Liquidità oltre il cuscinetto di sicurezza: circa €72.800 | Risparmia €1.100 al mese (38% del reddito) | Prima di investire conviene chiudere la carta di credito (€7.000) con parte della liquidità,180,1.0,230.4,1
FZ-0048,PENSION,Previdenza integrativa,0.9,1.0,1.0,0.96,0.829,1.0,alta,False,,False,Call con consulente,Calcolo del gap pensionistico e proposta di piano di contribuzione,Interesse per la previdenza: Yes | Obiettivo principale: Prepare for retirement | Nel testo: Stimare il gap pensionistico e il versamento mensile per colmarlo | Aperto a una call con consulente | Fascia d'età 55-64,160,1.0,127.3,2
FZ-0048,CASH_SAVINGS,Conto deposito / risparmio remunerato,0.8,0.4,1.0,0.56,2.0,1.0,alta,False,,False,WhatsApp,Proposta di conto deposito per la liquidità ferma o vincolata a un obiettivo,Interesse per prodotti di risparmio: Yes | Liquidità sul conto: €80.000 | Tolleranza al rischio bassa (2/5),70,1.0,78.4,3
FZ-0048,PROTECTION,Protezione famiglia e reddito,0.15,0.1,1.0,0.12,1.0,1.0,alta,False,,False,Call con consulente,Contenuto educativo sulla protezione + preventivo polizza partner,Aperto a una call con consulente | Mutuo in corso o in arrivo,150,1.0,18.0,4
FZ-0048,DEBT_PLAN,Piano di rientro debiti,0.485,0.0,1.0,0.194,1.0,1.0,alta,False,,False,WhatsApp,"Piano di rientro con priorità per costo del debito, dentro Finanz Premium",Debito al consumo: €7.000 (20% del reddito annuo) | Debito su carta di credito (il più caro),50,1.0,9.7,5
FZ-0049,WEALTH_REVIEW,Revisione portafoglio,1.0,1.0,1.0,1.0,1.859,0.3,alta,False,,False,In-app (nessun consenso marketing); può prenotare lui la call,"Check-up gratuito di allocazione, costi e concentrazione, poi referral consulente","Interesse per gli investimenti: Yes | Obiettivo principale: Prepare for retirement | Nel testo: Stimare il gap pensionistico e il versamento mensile per colmarlo | Evento che fa da trigger: Promotion | Aperto a una call con consulente | Patrimonio investito dichiarato: €210.000 | Esperienza di investimento: Intermediate | Preoccupazione principale: ""Market risk close to retirement""",400,1.0,223.1,1
FZ-0049,PENSION,Previdenza integrativa,0.9,1.0,1.0,0.96,1.629,0.3,alta,False,,False,In-app (nessun consenso marketing); può prenotare lui la call,Calcolo del gap pensionistico e proposta di piano di contribuzione,Interesse per la previdenza: Yes | Obiettivo principale: Prepare for retirement | Nel testo: Stimare il gap pensionistico e il versamento mensile per colmarlo | Evento che fa da trigger: Promotion | Aperto a una call con consulente | Fascia d'età 55-64,160,1.0,75.1,2
FZ-0049,CASH_SAVINGS,Conto deposito / risparmio remunerato,0.6,0.2,1.0,0.36,2.0,0.3,alta,False,,False,In-app (nessun consenso marketing),Proposta di conto deposito per la liquidità ferma o vincolata a un obiettivo,Interesse per prodotti di risparmio: Maybe | Liquidità sul conto: €90.000,70,1.0,15.1,3
FZ-0049,PROTECTION,Protezione famiglia e reddito,0.4,0.1,1.0,0.22,1.5,0.3,alta,False,,False,In-app (nessun consenso marketing); può prenotare lui la call,Contenuto educativo sulla protezione + preventivo polizza partner,Aperto a una call con consulente | 2 persone a carico,150,1.0,14.8,4
FZ-0049,PREMIUM,Finanz Premium (piano e budget),0.25,0.0,1.0,0.1,1.0,0.3,alta,False,,False,In-app (nessun consenso marketing),Trial Premium con piano finanziario personalizzato,Evento di vita recente: Promotion,50,1.0,1.5,5
FZ-0050,MORTGAGE,Mutuo prima casa,1.0,1.0,0.45,0.45,1.64,0.85,alta,False,,False,"WhatsApp (niente chiamate commerciali, chiesto nel testo)",Simulazione di sostenibilità e lead al broker mutui partner,Interesse per il mutuo: Yes | Obiettivo principale: Buy a home | Nel testo: Piano per comprare casa in 1-2 anni e confrontare i mutui | Evento che fa da trigger: Moved city | Pianifica l'acquisto casa entro 18 mesi | Anticipo ancora lontano: liquidità al 38% del necessario stimato | Mutuo sostenibile stimato: circa €246.000,700,1.0,439.1,1
FZ-0050,CASH_SAVINGS,Conto deposito / risparmio remunerato,0.635,1.0,1.0,0.854,0.967,0.85,alta,False,,False,"WhatsApp (niente chiamate commerciali, chiesto nel testo)",Proposta di conto deposito per la liquidità ferma o vincolata a un obiettivo,Interesse per prodotti di risparmio: Yes | Obiettivo principale: Buy a home | Nel testo: Piano per comprare casa in 1-2 anni e confrontare i mutui | Liquidità sul conto: €29.000 | Liquidità vincolata all'anticipo casa: serve rendimento senza rischio,70,1.0,49.1,2
FZ-0050,PENSION,Previdenza integrativa,0.5,0.0,1.0,0.2,1.171,0.85,alta,False,,False,"WhatsApp (niente chiamate commerciali, chiesto nel testo)",Calcolo del gap pensionistico e proposta di piano di contribuzione,Fascia d'età 35-44,160,1.0,31.9,3
FZ-0050,PROTECTION,Protezione famiglia e reddito,0.15,0.2,1.0,0.18,1.0,0.85,alta,False,,False,"WhatsApp (niente chiamate commerciali, chiesto nel testo)",Contenuto educativo sulla protezione + preventivo polizza partner,Interesse per le assicurazioni: Maybe | Mutuo in corso o in arrivo,150,1.0,23.0,4
FZ-0050,INVEST_START,Avvio investimenti (PAC/ETF),0.341,0.2,1.0,0.257,0.5,0.85,alta,False,,False,"WhatsApp (niente chiamate commerciali, chiesto nel testo)",Percorso guidato di primo investimento con PAC mensile,Interesse per gli investimenti: Maybe | Risparmia €700 al mese (17% del reddito) | Prima di investire conviene chiudere la carta di credito (€5.000) con parte della liquidità,180,1.0,19.7,5
FZ-0050,PREMIUM,Finanz Premium (piano e budget),0.25,0.1,1.0,0.16,1.0,0.85,alta,False,,False,"WhatsApp (niente chiamate commerciali, chiesto nel testo)",Trial Premium con piano finanziario personalizzato,Evento che fa da trigger: Moved city | Evento di vita recente: Moved city,50,1.0,6.8,6
FZ-0050,DEBT_PLAN,Piano di rientro debiti,0.319,0.0,1.0,0.128,1.0,0.85,alta,False,,False,"WhatsApp (niente chiamate commerciali, chiesto nel testo)","Piano di rientro con priorità per costo del debito, dentro Finanz Premium",Debito al consumo: €5.000 (10% del reddito annuo) | Debito su carta di credito (il più caro),50,1.0,5.4,7
FZ-0051,WEALTH_REVIEW,Revisione portafoglio,1.0,1.0,1.0,1.0,1.569,0.3,media,False,,False,In-app (nessun consenso marketing),"Check-up gratuito di allocazione, costi e concentrazione, poi referral consulente","Interesse per gli investimenti: Yes | Obiettivo principale: Optimise investments | Nel testo: Già investe, vuole ottimizzare l'allocazione tra liquidità e investimenti | Patrimonio investito dichiarato: €165.000 | Esperienza di investimento: Experienced | Preoccupazione principale: ""Portfolio concentration""",400,0.9,169.5,1
FZ-0051,PENSION,Previdenza integrativa,0.5,0.2,1.0,0.32,2.0,0.3,media,False,,False,In-app (nessun consenso marketing),Calcolo del gap pensionistico e proposta di piano di contribuzione,Interesse per la previdenza: Maybe | Fascia d'età 35-44,160,0.9,27.6,2
FZ-0051,PROTECTION,Protezione famiglia e reddito,0.4,0.0,1.0,0.16,1.25,0.3,media,False,,False,In-app (nessun consenso marketing),Contenuto educativo sulla protezione + preventivo polizza partner,1 persone a carico,150,0.9,8.1,3
FZ-0051,DEBT_PLAN,Piano di rientro debiti,0.17,0.0,1.0,0.068,1.0,0.3,media,False,,False,In-app (nessun consenso marketing),"Piano di rientro con priorità per costo del debito, dentro Finanz Premium",Debito al consumo: €1.000 (1% del reddito annuo) | Debito su carta di credito (il più caro),50,0.9,0.9,4
FZ-0052,INVEST_START,Avvio investimenti (PAC/ETF),0.351,1.0,1.0,0.741,0.5,0.85,alta,False,,False,"Email (niente chiamate commerciali, chiesto nel testo)",Percorso guidato di primo investimento con PAC mensile,"Interesse per gli investimenti: Yes | Obiettivo principale: Start investing | Nel testo: Liquidità ferma sul conto, vuole iniziare a investire senza rischi che non capisce | Risparmia €650 al mese (18% del reddito)",180,1.0,56.7,1
FZ-0052,PROTECTION,Protezione famiglia e reddito,0.6,0.1,1.0,0.3,1.25,0.85,alta,False,,True,"Email (niente chiamate commerciali, chiesto nel testo)","Contenuto educativo sulla protezione, nessuna offerta diretta per ora",Evento che fa da trigger: Had a child | 1 persone a carico | Reddito non garantito (autonomo o stabilità bassa) | Bisogno latente: dice di non essere interessato alle assicurazioni,150,1.0,47.8,2
FZ-0052,CASH_SAVINGS,Conto deposito / risparmio remunerato,0.24,0.58,1.0,0.444,0.533,0.85,alta,False,,False,"Email (niente chiamate commerciali, chiesto nel testo)",Proposta di conto deposito per la liquidità ferma o vincolata a un obiettivo,"Interesse per prodotti di risparmio: Yes | Nel testo: Liquidità ferma sul conto, vuole iniziare a investire senza rischi che non capisce | Liquidità sul conto: €16.000",70,1.0,14.1,3
FZ-0052,PREMIUM,Finanz Premium (piano e budget),0.25,0.1,1.0,0.16,1.0,0.85,alta,False,,False,"Email (niente chiamate commerciali, chiesto nel testo)",Trial Premium con piano finanziario personalizzato,Evento che fa da trigger: Had a child | Evento di vita recente: Had a child,50,1.0,6.8,4
FZ-0053,PREMIUM,Finanz Premium (piano e budget),0.8,1.0,1.0,0.92,1.0,1.0,alta,False,,False,WhatsApp,Trial Premium con piano finanziario personalizzato,Obiettivo principale: Build emergency fund | Nel testo: Impostare un budget ora che ha il primo stipendio vero | Sicurezza nelle decisioni finanziarie bassa (1/5) | Evento di vita recente: Promotion | Chiede esplicitamente un piano o un budget,50,1.0,46.0,1
FZ-0053,INVEST_START,Avvio investimenti (PAC/ETF),0.424,0.5,1.0,0.47,0.5,1.0,alta,False,,False,WhatsApp,Percorso guidato di primo investimento con PAC mensile,Interesse per gli investimenti: Yes | Evento che fa da trigger: Promotion | Risparmia €200 al mese (22% del reddito),180,1.0,42.3,2
FZ-0054,MORTGAGE,Mutuo prima casa,1.0,1.0,0.637,0.637,0.88,1.0,alta,False,,False,WhatsApp,Simulazione di sostenibilità e lead al broker mutui partner,Interesse per il mutuo: Yes | Obiettivo principale: Buy a home | Nel testo: Piano per comprare casa in 1-2 anni e confrontare i mutui | Evento che fa da trigger: Got married | Pianifica l'acquisto casa entro 18 mesi | La liquidità copre circa il 75% di anticipo e costi stimati | Contratto a tempo determinato: istruttoria bancaria più difficile | Mutuo sostenibile stimato: circa €132.000,700,1.0,392.4,1
FZ-0054,PROTECTION,Protezione famiglia e reddito,0.55,0.3,1.0,0.4,1.5,1.0,alta,False,,False,WhatsApp,Contenuto educativo sulla protezione + preventivo polizza partner,Interesse per le assicurazioni: Maybe | Evento che fa da trigger: Got married | 2 persone a carico | Mutuo in corso o in arrivo,150,1.0,90.0,2
FZ-0054,CASH_SAVINGS,Conto deposito / risparmio remunerato,0.665,1.0,1.0,0.866,1.033,1.0,alta,False,,False,WhatsApp,Proposta di conto deposito per la liquidità ferma o vincolata a un obiettivo,Interesse per prodotti di risparmio: Yes | Obiettivo principale: Buy a home | Nel testo: Piano per comprare casa in 1-2 anni e confrontare i mutui | Liquidità sul conto: €31.000 | Liquidità vincolata all'anticipo casa: serve rendimento senza rischio,70,1.0,62.6,3
FZ-0054,INVEST_START,Avvio investimenti (PAC/ETF),0.4,0.2,1.0,0.28,0.5,1.0,alta,False,,False,WhatsApp,Percorso guidato di primo investimento con PAC mensile,Interesse per gli investimenti: Maybe | Risparmia €750 al mese (34% del reddito),180,1.0,25.2,4
FZ-0054,PREMIUM,Finanz Premium (piano e budget),0.25,0.1,1.0,0.16,1.0,1.0,alta,False,,False,WhatsApp,Trial Premium con piano finanziario personalizzato,Evento che fa da trigger: Got married | Evento di vita recente: Got married,50,1.0,8.0,5
FZ-0055,WEALTH_REVIEW,Revisione portafoglio,1.0,1.0,1.0,1.0,1.348,1.0,alta,False,,False,Phone,"Check-up gratuito di allocazione, costi e concentrazione, poi referral consulente","Interesse per gli investimenti: Yes | Obiettivo principale: Optimise investments | Nel testo: Una visione più ordinata del portafoglio e dei versamenti futuri | Patrimonio investito dichiarato: €170.000 | Esperienza di investimento: Experienced | Preoccupazione principale: ""Fees and tax efficiency""",400,1.0,539.2,1
FZ-0055,PENSION,Previdenza integrativa,0.6,0.3,1.0,0.42,2.0,1.0,alta,False,,False,Phone,Calcolo del gap pensionistico e proposta di piano di contribuzione,Interesse per la previdenza: Maybe | Evento che fa da trigger: Started freelancing | Fascia d'età 35-44 | Autonomo o freelance: pensione pubblica tipicamente più bassa,160,1.0,134.4,2
FZ-0055,CASH_SAVINGS,Conto deposito / risparmio remunerato,0.6,0.2,1.0,0.36,2.0,1.0,alta,False,,False,Phone,Proposta di conto deposito per la liquidità ferma o vincolata a un obiettivo,Interesse per prodotti di risparmio: Maybe | Liquidità sul conto: €65.000,70,1.0,50.4,3
FZ-0055,PROTECTION,Protezione famiglia e reddito,0.35,0.1,1.0,0.2,1.0,1.0,alta,False,,False,Phone,Contenuto educativo sulla protezione + preventivo polizza partner,Evento che fa da trigger: Started freelancing | Mutuo in corso o in arrivo | Reddito non garantito (autonomo o stabilità bassa),150,1.0,30.0,4
FZ-0055,FREELANCE_KIT,Kit freelance (conto business + accantonamento tasse),0.3,0.1,1.0,0.18,1.0,1.0,alta,False,,False,Phone,Onboarding conto business con regola automatica di accantonamento tasse,Evento che fa da trigger: Started freelancing | Ha appena iniziato a lavorare in proprio,90,1.0,16.2,5
FZ-0055,PREMIUM,Finanz Premium (piano e budget),0.45,0.0,1.0,0.18,1.0,1.0,alta,False,,False,Phone,Trial Premium con piano finanziario personalizzato,Evento di vita recente: Started freelancing,50,1.0,9.0,6
FZ-0055,DEBT_PLAN,Piano di rientro debiti,0.289,0.0,1.0,0.116,1.0,1.0,alta,False,,False,Phone,"Piano di rientro con priorità per costo del debito, dentro Finanz Premium",Debito al consumo: €9.000 (8% del reddito annuo) | Debito su carta di credito (il più caro),50,1.0,5.8,7
FZ-0056,INVEST_START,Avvio investimenti (PAC/ETF),0.966,0.4,1.0,0.626,2.0,1.0,media,False,,False,Phone,Percorso guidato di primo investimento con PAC mensile,Interesse per gli investimenti: Yes | Liquidità oltre il cuscinetto di sicurezza: circa €38.600 | Risparmia €750 al mese (18% del reddito),180,0.9,202.8,1
FZ-0056,PROTECTION,Protezione famiglia e reddito,0.4,1.0,1.0,0.76,1.75,1.0,media,False,,False,Phone,Contenuto educativo sulla protezione + preventivo polizza partner,Interesse per le assicurazioni: Yes | Obiettivo principale: Protect family finances | Nel testo: Con i figli le finanze si sono complicate: vuole un piano familiare | Evento che fa da trigger: Got married | 3 persone a carico,150,0.9,179.6,2
FZ-0056,PENSION,Previdenza integrativa,0.5,0.4,1.0,0.44,1.171,1.0,media,False,,False,Phone,Calcolo del gap pensionistico e proposta di piano di contribuzione,Interesse per la previdenza: Yes | Fascia d'età 35-44,160,0.9,74.2,3
FZ-0056,CASH_SAVINGS,Conto deposito / risparmio remunerato,0.8,0.4,1.0,0.56,1.733,1.0,media,False,,False,Phone,Proposta di conto deposito per la liquidità ferma o vincolata a un obiettivo,Interesse per prodotti di risparmio: Yes | Liquidità sul conto: €52.000 | Tolleranza al rischio bassa (2/5),70,0.9,61.1,4
FZ-0056,PREMIUM,Finanz Premium (piano e budget),0.45,1.0,1.0,0.78,1.0,1.0,media,False,,False,Phone,Trial Premium con piano finanziario personalizzato,Obiettivo principale: Protect family finances | Nel testo: Con i figli le finanze si sono complicate: vuole un piano familiare | Evento che fa da trigger: Got married | Evento di vita recente: Got married | Chiede esplicitamente un piano o un budget,50,0.9,35.1,5
FZ-0057,MORTGAGE,Mutuo prima casa,0.8,1.0,1.0,0.92,0.92,1.0,alta,False,,False,Phone,Simulazione di sostenibilità e lead al broker mutui partner,Interesse per il mutuo: Yes | Obiettivo principale: Buy a home | Nel testo: Piano per comprare casa in 1-2 anni e confrontare i mutui | Evento che fa da trigger: Planning relocation | Pianifica l'acquisto casa entro 24 mesi | La liquidità (€55.000) copre già anticipo e costi stimati (€43.125) | Mutuo sostenibile stimato: circa €138.000,700,1.0,592.5,1
FZ-0057,CASH_SAVINGS,Conto deposito / risparmio remunerato,1.0,1.0,1.0,1.0,1.833,1.0,alta,False,,False,Phone,Proposta di conto deposito per la liquidità ferma o vincolata a un obiettivo,Interesse per prodotti di risparmio: Yes | Obiettivo principale: Buy a home | Nel testo: Piano per comprare casa in 1-2 anni e confrontare i mutui | Liquidità sul conto: €55.000 | Tolleranza al rischio bassa (2/5) | Liquidità vincolata all'anticipo casa: serve rendimento senza rischio,70,1.0,128.3,2
FZ-0057,PROTECTION,Protezione famiglia e reddito,0.55,0.2,1.0,0.34,1.25,1.0,alta,False,,False,Phone,Contenuto educativo sulla protezione + preventivo polizza partner,Interesse per le assicurazioni: Maybe | 1 persone a carico | Mutuo in corso o in arrivo,150,1.0,63.8,3
FZ-0057,INVEST_START,Avvio investimenti (PAC/ETF),0.57,0.2,1.0,0.348,0.509,1.0,alta,False,,False,Phone,Percorso guidato di primo investimento con PAC mensile,Interesse per gli investimenti: Maybe | Liquidità oltre il cuscinetto di sicurezza: circa €5.675 | Risparmia €750 al mese (33% del reddito),180,1.0,31.9,4
FZ-0057,PREMIUM,Finanz Premium (piano e budget),0.25,0.1,1.0,0.16,1.0,1.0,alta,False,,False,Phone,Trial Premium con piano finanziario personalizzato,Evento che fa da trigger: Planning relocation | Evento di vita recente: Planning relocation,50,1.0,8.0,5
FZ-0058,WEALTH_REVIEW,Revisione portafoglio,1.0,1.0,1.0,1.0,2.0,1.0,alta,False,,False,Email,"Check-up gratuito di allocazione, costi e concentrazione, poi referral consulente","Interesse per gli investimenti: Yes | Obiettivo principale: Optimise investments | Nel testo: Una visione più ordinata del portafoglio e dei versamenti futuri | Evento che fa da trigger: Promotion | Patrimonio investito dichiarato: €325.000 | Esperienza di investimento: Experienced | Preoccupazione principale: ""Portfolio concentration""",400,1.0,800.0,1
FZ-0058,PENSION,Previdenza integrativa,0.5,0.5,1.0,0.5,1.714,1.0,alta,False,,False,Email,Calcolo del gap pensionistico e proposta di piano di contribuzione,Interesse per la previdenza: Yes | Evento che fa da trigger: Promotion | Fascia d'età 35-44,160,1.0,137.1,2
FZ-0058,CASH_SAVINGS,Conto deposito / risparmio remunerato,0.6,0.2,1.0,0.36,2.0,1.0,alta,False,,False,Email,Proposta di conto deposito per la liquidità ferma o vincolata a un obiettivo,Interesse per prodotti di risparmio: Maybe | Liquidità sul conto: €90.000,70,1.0,50.4,3
FZ-0058,PROTECTION,Protezione famiglia e reddito,0.4,0.0,1.0,0.16,1.25,1.0,alta,False,,False,Email,Contenuto educativo sulla protezione + preventivo polizza partner,1 persone a carico,150,1.0,30.0,4
FZ-0058,PREMIUM,Finanz Premium (piano e budget),0.25,0.0,1.0,0.1,1.0,1.0,alta,False,,False,Email,Trial Premium con piano finanziario personalizzato,Evento di vita recente: Promotion,50,1.0,5.0,5
FZ-0059,INVEST_START,Avvio investimenti (PAC/ETF),0.862,1.0,1.0,0.945,1.025,1.0,alta,False,,False,Email,Percorso guidato di primo investimento con PAC mensile,Interesse per gli investimenti: Yes | Obiettivo principale: Start investing | Nel testo: Vuole un piano di investimento di lungo periodo e smettere di tenere tutto in liquidità | Liquidità oltre il cuscinetto di sicurezza: circa €15.400 | Risparmia €850 al mese (42% del reddito),180,1.0,174.4,1
FZ-0059,PROTECTION,Protezione famiglia e reddito,0.4,0.1,1.0,0.22,1.5,1.0,alta,False,,False,Call con consulente,Contenuto educativo sulla protezione + preventivo polizza partner,Aperto a una call con consulente | 2 persone a carico,150,1.0,49.5,2
FZ-0059,CASH_SAVINGS,Conto deposito / risparmio remunerato,0.5,0.58,1.0,0.548,0.667,1.0,alta,False,,False,Email,Proposta di conto deposito per la liquidità ferma o vincolata a un obiettivo,Interesse per prodotti di risparmio: Yes | Nel testo: Vuole un piano di investimento di lungo periodo e smettere di tenere tutto in liquidità | Liquidità sul conto: €20.000 | Tolleranza al rischio bassa (2/5),70,1.0,25.6,3
FZ-0059,PREMIUM,Finanz Premium (piano e budget),0.25,0.1,1.0,0.16,1.0,1.0,alta,False,,False,Email,Trial Premium con piano finanziario personalizzato,Evento che fa da trigger: Moved city | Evento di vita recente: Moved city,50,1.0,8.0,4
FZ-0060,WEALTH_REVIEW,Revisione portafoglio,1.0,1.0,1.0,1.0,2.0,1.0,alta,False,,False,WhatsApp,"Check-up gratuito di allocazione, costi e concentrazione, poi referral consulente","Interesse per gli investimenti: Yes | Obiettivo principale: Optimise investments | Nel testo: Una visione più ordinata del portafoglio e dei versamenti futuri | Patrimonio investito dichiarato: €285.000 | Esperienza di investimento: Experienced | Preoccupazione principale: ""Fees and tax efficiency""",400,1.0,800.0,1
FZ-0060,PENSION,Previdenza integrativa,0.5,0.2,1.0,0.32,1.286,1.0,alta,False,,False,WhatsApp,Calcolo del gap pensionistico e proposta di piano di contribuzione,Interesse per la previdenza: Maybe | Fascia d'età 35-44,160,1.0,65.8,2
FZ-0060,CASH_SAVINGS,Conto deposito / risparmio remunerato,0.6,0.2,1.0,0.36,1.5,1.0,alta,False,,False,WhatsApp,Proposta di conto deposito per la liquidità ferma o vincolata a un obiettivo,Interesse per prodotti di risparmio: Maybe | Liquidità sul conto: €45.000,70,1.0,37.8,3
FZ-0060,PROTECTION,Protezione famiglia e reddito,0.4,0.0,1.0,0.16,1.5,1.0,alta,False,,False,WhatsApp,Contenuto educativo sulla protezione + preventivo polizza partner,2 persone a carico,150,1.0,36.0,4
FZ-0060,PREMIUM,Finanz Premium (piano e budget),0.25,0.1,1.0,0.16,1.0,1.0,alta,False,,False,WhatsApp,Trial Premium con piano finanziario personalizzato,Evento che fa da trigger: Planning relocation | Evento di vita recente: Planning relocation,50,1.0,8.0,5
FZ-0060,DEBT_PLAN,Piano di rientro debiti,0.231,0.0,1.0,0.093,1.0,1.0,alta,False,,False,WhatsApp,"Piano di rientro con priorità per costo del debito, dentro Finanz Premium",Debito al consumo: €7.500 (14% del reddito annuo),50,1.0,4.6,6
FZ-0061,INVEST_START,Avvio investimenti (PAC/ETF),0.768,0.4,1.0,0.547,0.89,1.0,alta,False,,False,WhatsApp,Percorso guidato di primo investimento con PAC mensile,Interesse per gli investimenti: Yes | Liquidità oltre il cuscinetto di sicurezza: circa €14.500 | Risparmia €550 al mese (17% del reddito),180,1.0,87.6,1
FZ-0061,FREELANCE_KIT,Kit freelance (conto business + accantonamento tasse),0.7,1.0,1.0,0.88,1.0,1.0,alta,False,,False,WhatsApp,Onboarding conto business con regola automatica di accantonamento tasse,"Obiettivo principale: Stabilise finances | Nel testo: Da freelance cerca un sistema per tasse, risparmio e lungo periodo | Lavoratore autonomo | Reddito variabile o tasse come preoccupazione (""Not having enough buffer in weak months"")",90,1.0,79.2,2
FZ-0061,PENSION,Previdenza integrativa,0.6,0.4,1.0,0.48,0.943,1.0,alta,False,,False,WhatsApp,Calcolo del gap pensionistico e proposta di piano di contribuzione,Interesse per la previdenza: Yes | Fascia d'età 35-44 | Autonomo o freelance: pensione pubblica tipicamente più bassa,160,1.0,72.4,3
FZ-0061,PREMIUM,Finanz Premium (piano e budget),1.0,1.0,1.0,1.0,1.0,1.0,alta,False,,False,WhatsApp,Trial Premium con piano finanziario personalizzato,"Obiettivo principale: Stabilise finances | Nel testo: Da freelance cerca un sistema per tasse, risparmio e lungo periodo | Evento che fa da trigger: Got married | Sicurezza nelle decisioni finanziarie bassa (2/5) | Evento di vita recente: Got married | Chiede esplicitamente un piano o un budget",50,1.0,50.0,4
FZ-0061,CASH_SAVINGS,Conto deposito / risparmio remunerato,0.465,0.7,1.0,0.606,1.033,1.0,alta,False,,False,WhatsApp,Proposta di conto deposito per la liquidità ferma o vincolata a un obiettivo,Interesse per prodotti di risparmio: Yes | Obiettivo principale: Stabilise finances | Liquidità sul conto: €31.000,70,1.0,43.8,5
FZ-0061,PROTECTION,Protezione famiglia e reddito,0.2,0.1,1.0,0.14,1.0,1.0,alta,False,,False,WhatsApp,Contenuto educativo sulla protezione + preventivo polizza partner,Evento che fa da trigger: Got married | Reddito non garantito (autonomo o stabilità bassa),150,1.0,21.0,6
FZ-0062,PROTECTION,Protezione famiglia e reddito,0.4,1.0,1.0,0.76,1.75,1.0,media,False,,False,WhatsApp,Contenuto educativo sulla protezione + preventivo polizza partner,"Interesse per le assicurazioni: Yes | Obiettivo principale: Protect family finances | Nel testo: Pianificare spese familiari, assicurazioni e risparmio senza strafare ogni mese | Evento che fa da trigger: Had a child | 3 persone a carico",150,0.9,179.6,1
FZ-0062,INVEST_START,Avvio investimenti (PAC/ETF),1.0,0.4,1.0,0.64,1.51,1.0,media,False,,False,WhatsApp,Percorso guidato di primo investimento con PAC mensile,Interesse per gli investimenti: Yes | Liquidità oltre il cuscinetto di sicurezza: circa €25.400 | Risparmia €800 al mese (21% del reddito),180,0.9,156.6,2
FZ-0062,PENSION,Previdenza integrativa,0.5,0.2,1.0,0.32,1.114,1.0,media,False,,False,WhatsApp,Calcolo del gap pensionistico e proposta di piano di contribuzione,Interesse per la previdenza: Maybe | Fascia d'età 35-44,160,0.9,51.3,3
FZ-0062,CASH_SAVINGS,Conto deposito / risparmio remunerato,0.6,0.4,1.0,0.48,1.467,1.0,media,False,,False,WhatsApp,Proposta di conto deposito per la liquidità ferma o vincolata a un obiettivo,Interesse per prodotti di risparmio: Yes | Liquidità sul conto: €44.000,70,0.9,44.4,4
FZ-0062,PREMIUM,Finanz Premium (piano e budget),0.45,1.0,1.0,0.78,1.0,1.0,media,False,,False,WhatsApp,Trial Premium con piano finanziario personalizzato,"Obiettivo principale: Protect family finances | Nel testo: Pianificare spese familiari, assicurazioni e risparmio senza strafare ogni mese | Evento che fa da trigger: Had a child | Evento di vita recente: Had a child | Chiede esplicitamente un piano o un budget",50,0.9,35.1,5
FZ-0063,INVEST_START,Avvio investimenti (PAC/ETF),0.577,1.0,1.0,0.831,0.5,0.3,alta,False,,False,In-app (nessun consenso marketing),Percorso guidato di primo investimento con PAC mensile,Interesse per gli investimenti: Yes | Obiettivo principale: Start investing | Nel testo: Vuole un piano di investimento di lungo periodo e smettere di tenere tutto in liquidità | Liquidità oltre il cuscinetto di sicurezza: circa €5.900 | Risparmia €550 al mese (23% del reddito),180,1.0,22.4,1
FZ-0063,PENSION,Previdenza integrativa,0.5,0.0,1.0,0.2,0.686,0.3,alta,False,,False,In-app (nessun consenso marketing),Calcolo del gap pensionistico e proposta di piano di contribuzione,Fascia d'età 35-44,160,1.0,6.6,2
FZ-0063,PROTECTION,Protezione famiglia e reddito,0.2,0.1,1.0,0.14,1.0,0.3,alta,False,,False,In-app (nessun consenso marketing),Contenuto educativo sulla protezione + preventivo polizza partner,Evento che fa da trigger: Got married | Reddito non garantito (autonomo o stabilità bassa),150,1.0,6.3,3
FZ-0063,CASH_SAVINGS,Conto deposito / risparmio remunerato,0.355,0.58,1.0,0.49,0.567,0.3,alta,False,,False,In-app (nessun consenso marketing),Proposta di conto deposito per la liquidità ferma o vincolata a un obiettivo,"Interesse per prodotti di risparmio: Yes | Nel testo: Vuole un piano di investimento di lungo periodo e smettere di tenere tutto in liquidità | Liquidità sul conto: €17.000 | Preoccupazione: ""Keeping too much cash""",70,1.0,5.8,4
FZ-0063,PREMIUM,Finanz Premium (piano e budget),0.25,0.1,1.0,0.16,1.0,0.3,alta,False,,False,In-app (nessun consenso marketing),Trial Premium con piano finanziario personalizzato,Evento che fa da trigger: Got married | Evento di vita recente: Got married,50,1.0,2.4,5
FZ-0064,INVEST_START,Avvio investimenti (PAC/ETF),1.0,0.3,1.0,0.58,1.3,0.85,alta,False,,False,"Email (niente chiamate commerciali, chiesto nel testo)",Percorso guidato di primo investimento con PAC mensile,Interesse per gli investimenti: Maybe | Evento che fa da trigger: Promotion | Liquidità oltre il cuscinetto di sicurezza: circa €20.900 | Risparmia €850 al mese (20% del reddito),180,1.0,115.4,1
FZ-0064,PENSION,Previdenza integrativa,0.6,0.5,1.0,0.54,1.2,0.85,alta,False,,False,"Email (niente chiamate commerciali, chiesto nel testo)",Calcolo del gap pensionistico e proposta di piano di contribuzione,Interesse per la previdenza: Yes | Evento che fa da trigger: Promotion | Fascia d'età 35-44 | Autonomo o freelance: pensione pubblica tipicamente più bassa,160,1.0,88.1,2
FZ-0064,FREELANCE_KIT,Kit freelance (conto business + accantonamento tasse),0.7,1.0,1.0,0.88,1.0,0.85,alta,False,,False,"Email (niente chiamate commerciali, chiesto nel testo)",Onboarding conto business con regola automatica di accantonamento tasse,"Obiettivo principale: Stabilise finances | Nel testo: Da freelance cerca un sistema per tasse, risparmio e lungo periodo | Lavoratore autonomo | Reddito variabile o tasse come preoccupazione (""Not having enough buffer in weak months"")",90,1.0,67.3,3
FZ-0064,CASH_SAVINGS,Conto deposito / risparmio remunerato,0.8,0.7,1.0,0.74,1.367,0.85,alta,False,,False,"Email (niente chiamate commerciali, chiesto nel testo)",Proposta di conto deposito per la liquidità ferma o vincolata a un obiettivo,Interesse per prodotti di risparmio: Yes | Obiettivo principale: Stabilise finances | Liquidità sul conto: €41.000 | Tolleranza al rischio bassa (2/5),70,1.0,60.2,4
FZ-0064,PREMIUM,Finanz Premium (piano e budget),0.65,1.0,1.0,0.86,1.0,0.85,alta,False,,False,"Email (niente chiamate commerciali, chiesto nel testo)",Trial Premium con piano finanziario personalizzato,"Obiettivo principale: Stabilise finances | Nel testo: Da freelance cerca un sistema per tasse, risparmio e lungo periodo | Evento di vita recente: Promotion | Chiede esplicitamente un piano o un budget",50,1.0,36.6,5
FZ-0064,PROTECTION,Protezione famiglia e reddito,0.2,0.0,1.0,0.08,1.0,0.85,alta,False,,False,"Email (niente chiamate commerciali, chiesto nel testo)",Contenuto educativo sulla protezione + preventivo polizza partner,Reddito non garantito (autonomo o stabilità bassa),150,1.0,10.2,6
FZ-0065,PROTECTION,Protezione famiglia e reddito,0.65,1.0,1.0,0.86,1.75,1.0,media,False,,False,Email,Contenuto educativo sulla protezione + preventivo polizza partner,Interesse per le assicurazioni: Yes | Obiettivo principale: Protect family finances | Nel testo: Con i figli le finanze si sono complicate: vuole un piano familiare | Evento che fa da trigger: Had a child | 3 persone a carico | Fondo di emergenza dichiarato: 2 mesi,150,0.9,203.2,1
FZ-0065,INVEST_START,Avvio investimenti (PAC/ETF),0.908,0.2,1.0,0.483,1.26,1.0,media,False,,False,Email,Percorso guidato di primo investimento con PAC mensile,Interesse per gli investimenti: Maybe | Liquidità oltre il cuscinetto di sicurezza: circa €20.400 | Risparmia €800 al mese (15% del reddito),180,0.9,98.6,2
FZ-0065,PENSION,Previdenza integrativa,0.3,0.2,1.0,0.24,1.486,1.0,media,False,,False,Email,Calcolo del gap pensionistico e proposta di piano di contribuzione,Interesse per la previdenza: Maybe | Fascia d'età 25-34,160,0.9,51.4,3
FZ-0065,PREMIUM,Finanz Premium (piano e budget),0.8,1.0,1.0,0.92,1.0,1.0,media,False,,False,Email,Trial Premium con piano finanziario personalizzato,Obiettivo principale: Protect family finances | Nel testo: Con i figli le finanze si sono complicate: vuole un piano familiare | Evento che fa da trigger: Had a child | Sicurezza nelle decisioni finanziarie bassa (2/5) | Evento di vita recente: Had a child | Chiede esplicitamente un piano o un budget,50,0.9,41.4,4
FZ-0065,CASH_SAVINGS,Conto deposito / risparmio remunerato,0.57,0.4,1.0,0.468,1.267,1.0,media,False,,False,Email,Proposta di conto deposito per la liquidità ferma o vincolata a un obiettivo,Interesse per prodotti di risparmio: Yes | Liquidità sul conto: €38.000,70,0.9,37.4,5
FZ-0066,MORTGAGE,Mutuo prima casa,0.8,1.0,0.75,0.69,1.44,1.0,alta,False,,False,Phone,Simulazione di sostenibilità e lead al broker mutui partner,"Interesse per il mutuo: Yes | Obiettivo principale: Buy a home | Nel testo: In affitto, vuole la prima casa e non sa quanto tenere per l'anticipo | Evento che fa da trigger: Moved city | Pianifica l'acquisto casa entro 24 mesi | La liquidità copre circa il 76% di anticipo e costi stimati | Mutuo sostenibile stimato: circa €216.000",700,1.0,695.5,1
FZ-0066,CASH_SAVINGS,Conto deposito / risparmio remunerato,0.8,1.0,1.0,0.92,1.7,1.0,alta,False,,False,Phone,Proposta di conto deposito per la liquidità ferma o vincolata a un obiettivo,"Interesse per prodotti di risparmio: Yes | Obiettivo principale: Buy a home | Nel testo: In affitto, vuole la prima casa e non sa quanto tenere per l'anticipo | Liquidità sul conto: €51.000 | Liquidità vincolata all'anticipo casa: serve rendimento senza rischio",70,1.0,109.5,2
FZ-0066,PROTECTION,Protezione famiglia e reddito,0.55,0.2,1.0,0.34,1.5,1.0,alta,False,,False,Phone,Contenuto educativo sulla protezione + preventivo polizza partner,Interesse per le assicurazioni: Maybe | 2 persone a carico | Mutuo in corso o in arrivo,150,1.0,76.5,3
FZ-0066,PREMIUM,Finanz Premium (piano e budget),0.6,0.1,1.0,0.3,1.0,1.0,alta,False,,False,Phone,Trial Premium con piano finanziario personalizzato,Evento che fa da trigger: Moved city | Sicurezza nelle decisioni finanziarie bassa (2/5) | Evento di vita recente: Moved city,50,1.0,15.0,4
FZ-0067,DEBT_PLAN,Piano di rientro debiti,0.85,1.0,1.0,0.94,1.0,1.0,media,False,,False,WhatsApp,"Piano di rientro con priorità per costo del debito, dentro Finanz Premium","Obiettivo principale: Reduce debt | Nel testo: Rimettere sotto controllo le rate e capire quale debito chiudere prima | Debito al consumo: €27.000 (107% del reddito annuo) | Più debiti aperti: Credit card, Personal loan | Debito su carta di credito (il più caro)",50,0.9,42.3,1
FZ-0067,PREMIUM,Finanz Premium (piano e budget),1.0,0.3,1.0,0.58,1.0,1.0,media,False,,False,WhatsApp,Trial Premium con piano finanziario personalizzato,Nel testo: Rimettere sotto controllo le rate e capire quale debito chiudere prima | Sicurezza nelle decisioni finanziarie bassa (1/5) | Evento di vita recente: Promotion | Chiede esplicitamente un piano o un budget,50,0.9,26.1,2
FZ-0067,PROTECTION,Protezione famiglia e reddito,0.65,0.1,1.0,0.048,1.75,1.0,media,True,Utente sotto pressione finanziaria: prima il piano di rientro e il cash flow,True,Call con consulente,Sospesa. Utente sotto pressione finanziaria: prima il piano di rientro e il cash flow,Aperto a una call con consulente | 3 persone a carico | Fondo di emergenza dichiarato: 1 mesi | Bisogno latente: dice di non essere interessato alle assicurazioni,150,0.9,11.3,3
FZ-0067,PENSION,Previdenza integrativa,0.8,0.2,1.0,0.066,0.6,1.0,media,True,Utente sotto pressione finanziaria: prima il piano di rientro e il cash flow,False,Call con consulente,Sospesa. Utente sotto pressione finanziaria: prima il piano di rientro e il cash flow,Evento che fa da trigger: Promotion | Aperto a una call con consulente | Fascia d'età 45-54,160,0.9,5.7,4
FZ-0068,WEALTH_REVIEW,Revisione portafoglio,0.813,1.0,1.0,0.925,0.769,1.0,alta,False,,False,Call con consulente,"Check-up gratuito di allocazione, costi e concentrazione, poi referral consulente","Interesse per gli investimenti: Yes | Obiettivo principale: Prepare for retirement | Nel testo: Stimare il gap pensionistico e il versamento mensile per colmarlo | Evento che fa da trigger: Relationship change | Aperto a una call con consulente | Patrimonio investito dichiarato: €110.000 | Esperienza di investimento: Intermediate | Preoccupazione principale: ""Market risk close to retirement""",400,1.0,284.5,1
FZ-0068,PENSION,Previdenza integrativa,0.9,1.0,1.0,0.96,1.571,1.0,alta,False,,False,Call con consulente,Calcolo del gap pensionistico e proposta di piano di contribuzione,Interesse per la previdenza: Yes | Obiettivo principale: Prepare for retirement | Nel testo: Stimare il gap pensionistico e il versamento mensile per colmarlo | Aperto a una call con consulente | Fascia d'età 55-64,160,1.0,241.3,2
FZ-0068,PROTECTION,Protezione famiglia e reddito,0.55,0.2,1.0,0.34,1.25,1.0,alta,False,,True,Call con consulente,"Contenuto educativo sulla protezione, nessuna offerta diretta per ora",Evento che fa da trigger: Relationship change | Aperto a una call con consulente | 1 persone a carico | Mutuo in corso o in arrivo | Bisogno latente: dice di non essere interessato alle assicurazioni,150,1.0,63.8,3
FZ-0068,CASH_SAVINGS,Conto deposito / risparmio remunerato,0.375,0.2,1.0,0.27,0.833,1.0,alta,False,,False,Phone,Proposta di conto deposito per la liquidità ferma o vincolata a un obiettivo,Interesse per prodotti di risparmio: Maybe | Liquidità sul conto: €25.000,70,1.0,15.7,4
FZ-0068,PREMIUM,Finanz Premium (piano e budget),0.25,0.1,1.0,0.16,1.0,1.0,alta,False,,False,Phone,Trial Premium con piano finanziario personalizzato,Evento che fa da trigger: Relationship change | Evento di vita recente: Relationship change,50,1.0,8.0,5
FZ-0069,INVEST_START,Avvio investimenti (PAC/ETF),1.0,1.0,1.0,1.0,2.0,1.0,alta,False,,False,Email,Percorso guidato di primo investimento con PAC mensile,Interesse per gli investimenti: Yes | Obiettivo principale: Make savings work harder | Nel testo: Una strategia semplice per i risparmi invece di spostarli senza piano | Liquidità oltre il cuscinetto di sicurezza: circa €126.800 | Risparmia €1.300 al mese (37% del reddito),180,1.0,360.0,1
FZ-0069,CASH_SAVINGS,Conto deposito / risparmio remunerato,0.8,1.0,1.0,0.92,2.0,1.0,alta,False,,False,Email,Proposta di conto deposito per la liquidità ferma o vincolata a un obiettivo,Interesse per prodotti di risparmio: Yes | Obiettivo principale: Make savings work harder | Nel testo: Una strategia semplice per i risparmi invece di spostarli senza piano | Evento che fa da trigger: Unexpected expense | Liquidità sul conto: €140.000 | Tolleranza al rischio bassa (2/5),70,1.0,128.8,2
FZ-0069,PENSION,Previdenza integrativa,0.5,0.5,1.0,0.5,1.0,1.0,alta,False,,False,Call con consulente,Calcolo del gap pensionistico e proposta di piano di contribuzione,Interesse per la previdenza: Yes | Aperto a una call con consulente | Fascia d'età 35-44,160,1.0,80.0,3
FZ-0069,PROTECTION,Protezione famiglia e reddito,0.4,0.1,1.0,0.22,1.5,1.0,alta,False,,False,Call con consulente,Contenuto educativo sulla protezione + preventivo polizza partner,Aperto a una call con consulente | 2 persone a carico,150,1.0,49.5,4
FZ-0069,PREMIUM,Finanz Premium (piano e budget),0.45,0.3,1.0,0.36,1.0,1.0,alta,False,,False,Email,Trial Premium con piano finanziario personalizzato,Nel testo: Una strategia semplice per i risparmi invece di spostarli senza piano | Evento di vita recente: Unexpected expense | Chiede esplicitamente un piano o un budget,50,1.0,18.0,5
FZ-0070,INVEST_START,Avvio investimenti (PAC/ETF),1.0,1.0,1.0,1.0,2.0,1.0,alta,False,,False,Email,Percorso guidato di primo investimento con PAC mensile,Interesse per gli investimenti: Yes | Obiettivo principale: Make savings work harder | Nel testo: Ha molti risparmi ma rimanda le decisioni su come usarli | Liquidità oltre il cuscinetto di sicurezza: circa €100.200 | Risparmia €800 al mese (25% del reddito),180,1.0,360.0,1
FZ-0070,CASH_SAVINGS,Conto deposito / risparmio remunerato,0.8,1.0,1.0,0.92,2.0,1.0,alta,False,,False,Email,Proposta di conto deposito per la liquidità ferma o vincolata a un obiettivo,Interesse per prodotti di risparmio: Yes | Obiettivo principale: Make savings work harder | Nel testo: Ha molti risparmi ma rimanda le decisioni su come usarli | Liquidità sul conto: €110.000 | Tolleranza al rischio bassa (2/5),70,1.0,128.8,2
FZ-0070,PENSION,Previdenza integrativa,0.8,0.3,1.0,0.5,0.929,1.0,alta,False,,False,Call con consulente,Calcolo del gap pensionistico e proposta di piano di contribuzione,Interesse per la previdenza: Maybe | Aperto a una call con consulente | Fascia d'età 45-54,160,1.0,74.3,3
FZ-0070,PROTECTION,Protezione famiglia e reddito,0.4,0.2,1.0,0.28,1.5,1.0,alta,False,,False,Call con consulente,Contenuto educativo sulla protezione + preventivo polizza partner,Evento che fa da trigger: Got married | Aperto a una call con consulente | 2 persone a carico,150,1.0,63.0,4
FZ-0070,PREMIUM,Finanz Premium (piano e budget),0.45,0.4,1.0,0.42,1.0,1.0,alta,False,,False,Email,Trial Premium con piano finanziario personalizzato,Nel testo: Ha molti risparmi ma rimanda le decisioni su come usarli | Evento che fa da trigger: Got married | Evento di vita recente: Got married | Chiede esplicitamente un piano o un budget,50,1.0,21.0,5
FZ-0071,PREMIUM,Finanz Premium (piano e budget),0.65,1.0,1.0,0.86,1.0,1.0,alta,False,,False,Phone,Trial Premium con piano finanziario personalizzato,Obiettivo principale: Build emergency fund | Nel testo: Impostare un budget ora che ha il primo stipendio vero | Evento che fa da trigger: Relationship change | Evento di vita recente: Relationship change | Chiede esplicitamente un piano o un budget,50,1.0,43.0,1
FZ-0071,DEBT_PLAN,Piano di rientro debiti,0.497,0.5,1.0,0.499,1.0,1.0,alta,False,,False,Phone,"Piano di rientro con priorità per costo del debito, dentro Finanz Premium",Nel testo: Impostare un budget ora che ha il primo stipendio vero | Debito al consumo: €4.500 (21% del reddito annuo) | Debito su carta di credito (il più caro),50,1.0,25.0,2
FZ-0071,INVEST_START,Avvio investimenti (PAC/ETF),0.167,0.4,1.0,0.046,0.5,1.0,alta,True,Prima chiudere il debito su carta di credito: costa più di quanto renderebbe investire,False,Phone,Sospesa. Prima chiudere il debito su carta di credito: costa più di quanto renderebbe investire,Interesse per gli investimenti: Yes | Risparmia €150 al mese (8% del reddito),180,1.0,4.1,3
FZ-0072,DEBT_PLAN,Piano di rientro debiti,0.8,1.0,1.0,0.92,1.0,0.3,alta,False,,False,In-app (nessun consenso marketing),"Piano di rientro con priorità per costo del debito, dentro Finanz Premium",Obiettivo principale: Reduce debt | Nel testo: Rimettere sotto controllo le rate e capire quale debito chiudere prima | Debito al consumo: €18.000 (47% del reddito annuo) | Debito su carta di credito (il più caro) | Risparmio mensile nullo o negativo,50,1.0,13.8,1
FZ-0072,PREMIUM,Finanz Premium (piano e budget),1.0,0.4,1.0,0.64,1.0,0.3,alta,False,,False,In-app (nessun consenso marketing),Trial Premium con piano finanziario personalizzato,Nel testo: Rimettere sotto controllo le rate e capire quale debito chiudere prima | Evento che fa da trigger: New job | Sicurezza nelle decisioni finanziarie bassa (1/5) | Evento di vita recente: New job | Chiede esplicitamente un piano o un budget,50,1.0,9.6,2
FZ-0072,PENSION,Previdenza integrativa,0.5,0.2,1.0,0.048,0.914,0.3,alta,True,Utente sotto pressione finanziaria: prima il piano di rientro e il cash flow,False,In-app (nessun consenso marketing); può prenotare lui la call,Sospesa. Utente sotto pressione finanziaria: prima il piano di rientro e il cash flow,Evento che fa da trigger: New job | Aperto a una call con consulente | Fascia d'età 35-44,160,1.0,2.1,3
FZ-0073,MORTGAGE,Mutuo prima casa,0.5,1.0,0.75,0.6,1.6,1.0,alta,False,,False,Call con consulente,Simulazione di sostenibilità e lead al broker mutui partner,"Interesse per il mutuo: Yes | Obiettivo principale: Buy a home | Nel testo: In affitto, vuole la prima casa e non sa quanto tenere per l'anticipo | Evento che fa da trigger: Got married | Aperto a una call con consulente | Pianifica l'acquisto casa entro 36 mesi | La liquidità copre circa il 79% di anticipo e costi stimati | Mutuo sostenibile stimato: circa €240.000",700,1.0,672.0,1
FZ-0073,CASH_SAVINGS,Conto deposito / risparmio remunerato,1.0,1.0,1.0,1.0,1.967,1.0,alta,False,,False,Email,Proposta di conto deposito per la liquidità ferma o vincolata a un obiettivo,"Interesse per prodotti di risparmio: Yes | Obiettivo principale: Buy a home | Nel testo: In affitto, vuole la prima casa e non sa quanto tenere per l'anticipo | Liquidità sul conto: €59.000 | Tolleranza al rischio bassa (2/5) | Liquidità vincolata all'anticipo casa: serve rendimento senza rischio",70,1.0,137.7,2
FZ-0073,PROTECTION,Protezione famiglia e reddito,0.55,0.4,1.0,0.46,1.25,1.0,alta,False,,False,Call con consulente,Contenuto educativo sulla protezione + preventivo polizza partner,Interesse per le assicurazioni: Maybe | Evento che fa da trigger: Got married | Aperto a una call con consulente | 1 persone a carico | Mutuo in corso o in arrivo,150,1.0,86.2,3
FZ-0073,PREMIUM,Finanz Premium (piano e budget),0.25,0.1,1.0,0.16,1.0,1.0,alta,False,,False,Email,Trial Premium con piano finanziario personalizzato,Evento che fa da trigger: Got married | Evento di vita recente: Got married,50,1.0,8.0,4
FZ-0074,WEALTH_REVIEW,Revisione portafoglio,0.257,1.0,1.0,0.703,0.825,1.0,alta,False,,False,Call con consulente,"Check-up gratuito di allocazione, costi e concentrazione, poi referral consulente",Interesse per gli investimenti: Yes | Obiettivo principale: Prepare for retirement | Nel testo: Pensione vicina: vuole una strategia chiara tra previdenza e investimenti | Aperto a una call con consulente | Patrimonio investito dichiarato: €55.000 | Esperienza di investimento: Intermediate,400,1.0,232.0,1
FZ-0074,PENSION,Previdenza integrativa,0.9,1.0,1.0,0.96,1.171,1.0,alta,False,,False,Call con consulente,Calcolo del gap pensionistico e proposta di piano di contribuzione,Interesse per la previdenza: Yes | Obiettivo principale: Prepare for retirement | Nel testo: Pensione vicina: vuole una strategia chiara tra previdenza e investimenti | Aperto a una call con consulente | Fascia d'età 55-64,160,1.0,179.9,2
FZ-0074,CASH_SAVINGS,Conto deposito / risparmio remunerato,0.6,0.4,1.0,0.48,2.0,1.0,alta,False,,False,WhatsApp,Proposta di conto deposito per la liquidità ferma o vincolata a un obiettivo,Interesse per prodotti di risparmio: Yes | Liquidità sul conto: €80.000,70,1.0,67.2,3
FZ-0074,PROTECTION,Protezione famiglia e reddito,0.4,0.2,1.0,0.28,1.25,1.0,alta,False,,False,Call con consulente,Contenuto educativo sulla protezione + preventivo polizza partner,Evento che fa da trigger: Got married | Aperto a una call con consulente | 1 persone a carico,150,1.0,52.5,4
FZ-0074,PREMIUM,Finanz Premium (piano e budget),0.45,0.4,1.0,0.42,1.0,1.0,alta,False,,False,WhatsApp,Trial Premium con piano finanziario personalizzato,Nel testo: Pensione vicina: vuole una strategia chiara tra previdenza e investimenti | Evento che fa da trigger: Got married | Evento di vita recente: Got married | Chiede esplicitamente un piano o un budget,50,1.0,21.0,5
FZ-0075,PENSION,Previdenza integrativa,0.4,0.4,1.0,0.4,1.086,1.0,alta,False,,False,Email,Calcolo del gap pensionistico e proposta di piano di contribuzione,Interesse per la previdenza: Yes | Fascia d'età 25-34 | Autonomo o freelance: pensione pubblica tipicamente più bassa,160,1.0,69.5,1
FZ-0075,FREELANCE_KIT,Kit freelance (conto business + accantonamento tasse),0.7,0.8,1.0,0.76,1.0,1.0,alta,False,,False,Email,Onboarding conto business con regola automatica di accantonamento tasse,"Obiettivo principale: Stabilise finances | Nel testo: Reddito variabile: quanto tenere di cuscinetto e come investire il resto | Lavoratore autonomo | Reddito variabile o tasse come preoccupazione (""Irregular income"")",90,1.0,68.4,2
FZ-0075,PREMIUM,Finanz Premium (piano e budget),0.8,1.0,1.0,0.92,1.0,1.0,alta,False,,False,Email,Trial Premium con piano finanziario personalizzato,Obiettivo principale: Stabilise finances | Nel testo: Reddito variabile: quanto tenere di cuscinetto e come investire il resto | Sicurezza nelle decisioni finanziarie bassa (2/5) | Evento di vita recente: Unexpected expense,50,1.0,46.0,3
FZ-0075,INVEST_START,Avvio investimenti (PAC/ETF),0.342,0.58,1.0,0.485,0.5,1.0,alta,False,,False,Email,Percorso guidato di primo investimento con PAC mensile,Interesse per gli investimenti: Yes | Nel testo: Reddito variabile: quanto tenere di cuscinetto e come investire il resto | Risparmia €650 al mese (17% del reddito),180,1.0,43.6,4
FZ-0075,CASH_SAVINGS,Conto deposito / risparmio remunerato,0.195,1.0,1.0,0.678,0.5,1.0,alta,False,,False,Email,Proposta di conto deposito per la liquidità ferma o vincolata a un obiettivo,Interesse per prodotti di risparmio: Yes | Obiettivo principale: Stabilise finances | Nel testo: Reddito variabile: quanto tenere di cuscinetto e come investire il resto | Evento che fa da trigger: Unexpected expense | Liquidità sul conto: €13.000,70,1.0,23.7,5
FZ-0075,PROTECTION,Protezione famiglia e reddito,0.2,0.0,1.0,0.08,1.0,1.0,alta,False,,False,Email,Contenuto educativo sulla protezione + preventivo polizza partner,Reddito non garantito (autonomo o stabilità bassa),150,1.0,12.0,6
FZ-0076,WEALTH_REVIEW,Revisione portafoglio,0.7,1.0,1.0,0.88,1.352,0.3,alta,False,,False,In-app (nessun consenso marketing); può prenotare lui la call,"Check-up gratuito di allocazione, costi e concentrazione, poi referral consulente",Interesse per gli investimenti: Yes | Obiettivo principale: Prepare for retirement | Nel testo: Stimare il gap pensionistico e il versamento mensile per colmarlo | Aperto a una call con consulente | Patrimonio investito dichiarato: €190.000 | Esperienza di investimento: Experienced,400,1.0,142.8,1
FZ-0076,PENSION,Previdenza integrativa,0.9,1.0,1.0,0.96,1.343,0.3,alta,False,,False,In-app (nessun consenso marketing); può prenotare lui la call,Calcolo del gap pensionistico e proposta di piano di contribuzione,Interesse per la previdenza: Yes | Obiettivo principale: Prepare for retirement | Nel testo: Stimare il gap pensionistico e il versamento mensile per colmarlo | Aperto a una call con consulente | Fascia d'età 55-64,160,1.0,61.9,2
FZ-0076,CASH_SAVINGS,Conto deposito / risparmio remunerato,0.65,0.5,1.0,0.56,1.0,0.3,alta,False,,False,In-app (nessun consenso marketing),Proposta di conto deposito per la liquidità ferma o vincolata a un obiettivo,Interesse per prodotti di risparmio: Yes | Evento che fa da trigger: Unexpected expense | Liquidità sul conto: €30.000 | Tolleranza al rischio bassa (2/5),70,1.0,11.8,3
FZ-0076,PROTECTION,Protezione famiglia e reddito,0.15,0.1,1.0,0.12,1.0,0.3,alta,False,,False,In-app (nessun consenso marketing); può prenotare lui la call,Contenuto educativo sulla protezione + preventivo polizza partner,Aperto a una call con consulente | Mutuo in corso o in arrivo,150,1.0,5.4,4
FZ-0076,PREMIUM,Finanz Premium (piano e budget),0.25,0.0,1.0,0.1,1.0,0.3,alta,False,,False,In-app (nessun consenso marketing),Trial Premium con piano finanziario personalizzato,Evento di vita recente: Unexpected expense,50,1.0,1.5,5
FZ-0077,INVEST_START,Avvio investimenti (PAC/ETF),1.0,0.88,1.0,0.928,2.0,1.0,media,False,,False,Email,Percorso guidato di primo investimento con PAC mensile,Interesse per gli investimenti: Yes | Obiettivo principale: Build wealth | Nel testo: Risparmia ogni mese ma non ha un obiettivo oltre al cuscinetto | Liquidità oltre il cuscinetto di sicurezza: circa €46.000 | Risparmia €700 al mese (32% del reddito),180,0.9,300.7,1
FZ-0077,CASH_SAVINGS,Conto deposito / risparmio remunerato,0.6,0.68,1.0,0.648,1.833,1.0,media,False,,False,Email,Proposta di conto deposito per la liquidità ferma o vincolata a un obiettivo,Interesse per prodotti di risparmio: Yes | Nel testo: Risparmia ogni mese ma non ha un obiettivo oltre al cuscinetto | Evento che fa da trigger: Unexpected expense | Liquidità sul conto: €55.000,70,0.9,74.8,2
FZ-0077,PREMIUM,Finanz Premium (piano e budget),0.45,0.5,1.0,0.48,1.0,1.0,media,False,,False,Email,Trial Premium con piano finanziario personalizzato,Nel testo: Risparmia ogni mese ma non ha un obiettivo oltre al cuscinetto | Evento di vita recente: Unexpected expense | Chiede esplicitamente un piano o un budget,50,0.9,21.6,3
FZ-0077,DEBT_PLAN,Piano di rientro debiti,0.221,0.1,1.0,0.148,1.0,1.0,media,False,,False,Email,"Piano di rientro con priorità per costo del debito, dentro Finanz Premium",Evento che fa da trigger: Unexpected expense | Debito al consumo: €3.500 (13% del reddito annuo),50,0.9,6.7,4
FZ-0078,PROTECTION,Protezione famiglia e reddito,0.65,1.0,1.0,0.86,1.75,1.0,media,False,,False,WhatsApp,Contenuto educativo sulla protezione + preventivo polizza partner,Interesse per le assicurazioni: Yes | Obiettivo principale: Protect family finances | Nel testo: Con i figli le finanze si sono complicate: vuole un piano familiare | 3 persone a carico | Fondo di emergenza dichiarato: 2 mesi,150,0.9,203.2,1
FZ-0078,INVEST_START,Avvio investimenti (PAC/ETF),1.0,0.4,1.0,0.64,1.66,1.0,media,False,,False,WhatsApp,Percorso guidato di primo investimento con PAC mensile,Interesse per gli investimenti: Yes | Liquidità oltre il cuscinetto di sicurezza: circa €27.800 | Risparmia €900 al mese (22% del reddito) | Prima di investire conviene chiudere la carta di credito (€9.500) con parte della liquidità,180,0.9,172.1,2
FZ-0078,PENSION,Previdenza integrativa,0.5,0.4,1.0,0.44,1.171,1.0,media,False,,False,WhatsApp,Calcolo del gap pensionistico e proposta di piano di contribuzione,Interesse per la previdenza: Yes | Fascia d'età 35-44,160,0.9,74.2,3
FZ-0078,CASH_SAVINGS,Conto deposito / risparmio remunerato,0.6,0.4,1.0,0.48,1.567,1.0,media,False,,False,WhatsApp,Proposta di conto deposito per la liquidità ferma o vincolata a un obiettivo,Interesse per prodotti di risparmio: Yes | Liquidità sul conto: €47.000,70,0.9,47.4,4
FZ-0078,PREMIUM,Finanz Premium (piano e budget),0.2,1.0,1.0,0.68,1.0,1.0,media,False,,False,WhatsApp,Trial Premium con piano finanziario personalizzato,Obiettivo principale: Protect family finances | Nel testo: Con i figli le finanze si sono complicate: vuole un piano familiare | Chiede esplicitamente un piano o un budget,50,0.9,30.6,5
FZ-0078,DEBT_PLAN,Piano di rientro debiti,0.472,0.0,1.0,0.189,1.0,1.0,media,False,,False,WhatsApp,"Piano di rientro con priorità per costo del debito, dentro Finanz Premium",Debito al consumo: €9.500 (19% del reddito annuo) | Debito su carta di credito (il più caro),50,0.9,8.5,6
FZ-0079,INVEST_START,Avvio investimenti (PAC/ETF),0.161,1.0,1.0,0.665,0.5,1.0,media,False,,False,WhatsApp,Percorso guidato di primo investimento con PAC mensile,Interesse per gli investimenti: Yes | Obiettivo principale: Start investing | Nel testo: Vuole un PAC in ETF e capire quanto può investire in sicurezza | Evento che fa da trigger: Promotion | Risparmia €250 al mese (8% del reddito),180,0.9,53.9,1
FZ-0079,PROTECTION,Protezione famiglia e reddito,0.4,0.0,1.0,0.16,1.75,1.0,media,False,,False,WhatsApp,Contenuto educativo sulla protezione + preventivo polizza partner,3 persone a carico,150,0.9,37.8,2
FZ-0079,CASH_SAVINGS,Conto deposito / risparmio remunerato,0.471,0.58,1.0,0.536,0.5,1.0,media,False,,False,WhatsApp,Proposta di conto deposito per la liquidità ferma o vincolata a un obiettivo,"Interesse per prodotti di risparmio: Yes | Nel testo: Vuole un PAC in ETF e capire quanto può investire in sicurezza | Liquidità sul conto: €11.400 | Tolleranza al rischio bassa (2/5) | Preoccupazione: ""Keeping too much cash""",70,0.9,16.9,3
FZ-0079,PREMIUM,Finanz Premium (piano e budget),0.25,0.0,1.0,0.1,1.0,1.0,media,False,,False,WhatsApp,Trial Premium con piano finanziario personalizzato,Evento di vita recente: Promotion,50,0.9,4.5,4
FZ-0080,WEALTH_REVIEW,Revisione portafoglio,1.0,1.0,1.0,1.0,2.0,0.3,alta,False,,False,In-app (nessun consenso marketing),"Check-up gratuito di allocazione, costi e concentrazione, poi referral consulente","Interesse per gli investimenti: Yes | Obiettivo principale: Optimise investments | Nel testo: Già investe con regolarità: vuole rivedere allocazione, costi e concentrazione | Patrimonio investito dichiarato: €350.000 | Esperienza di investimento: Experienced | Preoccupazione principale: ""Fees and tax efficiency""",400,1.0,240.0,1
FZ-0080,PENSION,Previdenza integrativa,0.8,0.2,1.0,0.44,1.214,0.3,alta,False,,False,In-app (nessun consenso marketing),Calcolo del gap pensionistico e proposta di piano di contribuzione,Interesse per la previdenza: Maybe | Fascia d'età 45-54,160,1.0,25.6,2
FZ-0080,CASH_SAVINGS,Conto deposito / risparmio remunerato,0.6,0.2,1.0,0.36,2.0,0.3,alta,False,,False,In-app (nessun consenso marketing),Proposta di conto deposito per la liquidità ferma o vincolata a un obiettivo,Interesse per prodotti di risparmio: Maybe | Liquidità sul conto: €80.000,70,1.0,15.1,3
FZ-0080,PREMIUM,Finanz Premium (piano e budget),0.25,0.1,1.0,0.16,1.0,0.3,alta,False,,False,In-app (nessun consenso marketing),Trial Premium con piano finanziario personalizzato,Evento che fa da trigger: Moved city | Evento di vita recente: Moved city,50,1.0,2.4,4
FZ-0080,DEBT_PLAN,Piano di rientro debiti,0.327,0.0,1.0,0.131,1.0,0.3,alta,False,,False,In-app (nessun consenso marketing),"Piano di rientro con priorità per costo del debito, dentro Finanz Premium",Debito al consumo: €10.000 (20% del reddito annuo),50,1.0,2.0,5
FZ-0081,WEALTH_REVIEW,Revisione portafoglio,0.7,1.0,1.0,0.88,1.791,1.0,media,False,,False,Call con consulente,"Check-up gratuito di allocazione, costi e concentrazione, poi referral consulente",Interesse per gli investimenti: Yes | Obiettivo principale: Prepare for retirement | Nel testo: Stimare il gap pensionistico e il versamento mensile per colmarlo | Aperto a una call con consulente | Patrimonio investito dichiarato: €175.000 | Esperienza di investimento: Intermediate,400,0.9,567.4,1
FZ-0081,PENSION,Previdenza integrativa,0.9,1.0,1.0,0.96,1.429,1.0,media,False,,False,Call con consulente,Calcolo del gap pensionistico e proposta di piano di contribuzione,Interesse per la previdenza: Yes | Obiettivo principale: Prepare for retirement | Nel testo: Stimare il gap pensionistico e il versamento mensile per colmarlo | Aperto a una call con consulente | Fascia d'età 55-64,160,0.9,197.5,2
FZ-0081,PROTECTION,Protezione famiglia e reddito,0.4,0.2,1.0,0.28,2.0,1.0,media,False,,False,Call con consulente,Contenuto educativo sulla protezione + preventivo polizza partner,Evento che fa da trigger: Had a child | Aperto a una call con consulente | 4 persone a carico,150,0.9,75.6,3
FZ-0081,CASH_SAVINGS,Conto deposito / risparmio remunerato,0.8,0.2,1.0,0.44,2.0,1.0,media,False,,False,Phone,Proposta di conto deposito per la liquidità ferma o vincolata a un obiettivo,Interesse per prodotti di risparmio: Maybe | Liquidità sul conto: €110.000 | Tolleranza al rischio bassa (2/5),70,0.9,55.4,4
FZ-0081,PREMIUM,Finanz Premium (piano e budget),0.25,0.1,1.0,0.16,1.0,1.0,media,False,,False,Phone,Trial Premium con piano finanziario personalizzato,Evento che fa da trigger: Had a child | Evento di vita recente: Had a child,50,0.9,7.2,5
FZ-0081,DEBT_PLAN,Piano di rientro debiti,0.192,0.0,1.0,0.077,1.0,1.0,media,False,,False,Phone,"Piano di rientro con priorità per costo del debito, dentro Finanz Premium",Debito al consumo: €1.500 (2% del reddito annuo) | Debito su carta di credito (il più caro),50,0.9,3.5,6
FZ-0082,PENSION,Previdenza integrativa,0.6,0.5,1.0,0.54,1.714,0.3,media,False,,False,In-app (nessun consenso marketing); può prenotare lui la call,Calcolo del gap pensionistico e proposta di piano di contribuzione,Interesse per la previdenza: Yes | Aperto a una call con consulente | Fascia d'età 35-44 | Autonomo o freelance: pensione pubblica tipicamente più bassa,160,0.9,40.0,1
FZ-0082,FREELANCE_KIT,Kit freelance (conto business + accantonamento tasse),0.7,0.8,1.0,0.76,1.0,0.3,media,False,,False,In-app (nessun consenso marketing),Onboarding conto business con regola automatica di accantonamento tasse,"Obiettivo principale: Stabilise finances | Nel testo: Reddito variabile: quanto tenere di cuscinetto e come investire il resto | Lavoratore autonomo | Reddito variabile o tasse come preoccupazione (""Tax payments and cash-flow swings"")",90,0.9,18.5,2
FZ-0082,PROTECTION,Protezione famiglia e reddito,0.6,0.2,1.0,0.36,1.25,0.3,media,False,,True,In-app (nessun consenso marketing); può prenotare lui la call,"Contenuto educativo sulla protezione, nessuna offerta diretta per ora",Evento che fa da trigger: Got married | Aperto a una call con consulente | 1 persone a carico | Reddito non garantito (autonomo o stabilità bassa) | Bisogno latente: dice di non essere interessato alle assicurazioni,150,0.9,18.2,3
FZ-0082,CASH_SAVINGS,Conto deposito / risparmio remunerato,0.48,1.0,1.0,0.792,1.067,0.3,media,False,,False,In-app (nessun consenso marketing),Proposta di conto deposito per la liquidità ferma o vincolata a un obiettivo,Interesse per prodotti di risparmio: Yes | Obiettivo principale: Stabilise finances | Nel testo: Reddito variabile: quanto tenere di cuscinetto e come investire il resto | Liquidità sul conto: €32.000,70,0.9,16.0,4
FZ-0082,PREMIUM,Finanz Premium (piano e budget),0.45,1.0,1.0,0.78,1.0,0.3,media,False,,False,In-app (nessun consenso marketing),Trial Premium con piano finanziario personalizzato,Obiettivo principale: Stabilise finances | Nel testo: Reddito variabile: quanto tenere di cuscinetto e come investire il resto | Evento che fa da trigger: Got married | Evento di vita recente: Got married,50,0.9,10.5,5
FZ-0082,INVEST_START,Avvio investimenti (PAC/ETF),0.47,0.38,1.0,0.416,0.5,0.3,media,False,,False,In-app (nessun consenso marketing),Percorso guidato di primo investimento con PAC mensile,Interesse per gli investimenti: Maybe | Nel testo: Reddito variabile: quanto tenere di cuscinetto e come investire il resto | Risparmia €1.150 al mese (19% del reddito),180,0.9,10.1,6
FZ-0083,MORTGAGE,Mutuo prima casa,0.8,1.0,0.85,0.782,0.88,0.3,alta,False,,False,In-app (nessun consenso marketing); può prenotare lui la call,Simulazione di sostenibilità e lead al broker mutui partner,"Interesse per il mutuo: Yes | Obiettivo principale: Buy a home | Nel testo: In affitto, vuole la prima casa e non sa quanto tenere per l'anticipo | Aperto a una call con consulente | Pianifica l'acquisto casa entro 24 mesi | La liquidità (€44.000) copre già anticipo e costi stimati (€41.250) | Contratto a tempo determinato: istruttoria bancaria più difficile | Mutuo sostenibile stimato: circa €132.000",700,1.0,144.5,1
FZ-0083,CASH_SAVINGS,Conto deposito / risparmio remunerato,0.8,1.0,1.0,0.92,1.467,0.3,alta,False,,False,In-app (nessun consenso marketing),Proposta di conto deposito per la liquidità ferma o vincolata a un obiettivo,"Interesse per prodotti di risparmio: Yes | Obiettivo principale: Buy a home | Nel testo: In affitto, vuole la prima casa e non sa quanto tenere per l'anticipo | Liquidità sul conto: €44.000 | Liquidità vincolata all'anticipo casa: serve rendimento senza rischio",70,1.0,28.3,2
FZ-0083,PROTECTION,Protezione famiglia e reddito,0.55,0.1,1.0,0.28,1.5,0.3,alta,False,,True,In-app (nessun consenso marketing); può prenotare lui la call,"Contenuto educativo sulla protezione, nessuna offerta diretta per ora",Aperto a una call con consulente | 2 persone a carico | Mutuo in corso o in arrivo | Bisogno latente: dice di non essere interessato alle assicurazioni,150,1.0,18.9,3
FZ-0083,INVEST_START,Avvio investimenti (PAC/ETF),0.4,0.3,1.0,0.34,0.5,0.3,alta,False,,False,In-app (nessun consenso marketing),Percorso guidato di primo investimento con PAC mensile,Interesse per gli investimenti: Maybe | Evento che fa da trigger: Promotion | Risparmia €650 al mese (30% del reddito),180,1.0,9.2,4
FZ-0083,PREMIUM,Finanz Premium (piano e budget),0.25,0.0,1.0,0.1,1.0,0.3,alta,False,,False,In-app (nessun consenso marketing),Trial Premium con piano finanziario personalizzato,Evento di vita recente: Promotion,50,1.0,1.5,5
FZ-0084,INVEST_START,Avvio investimenti (PAC/ETF),0.558,1.0,1.0,0.823,0.525,1.0,media,False,,False,Phone,Percorso guidato di primo investimento con PAC mensile,"Interesse per gli investimenti: Yes | Obiettivo principale: Start investing | Nel testo: Liquidità ferma sul conto, vuole iniziare a investire senza rischi che non capisce | Liquidità oltre il cuscinetto di sicurezza: circa €7.500 | Risparmia €500 al mese (17% del reddito)",180,0.9,70.0,1
FZ-0084,PROTECTION,Protezione famiglia e reddito,0.6,0.0,1.0,0.24,1.25,1.0,media,False,,True,Phone,"Contenuto educativo sulla protezione, nessuna offerta diretta per ora",1 persone a carico | Reddito non garantito (autonomo o stabilità bassa) | Bisogno latente: dice di non essere interessato alle assicurazioni,150,0.9,40.5,2
FZ-0084,PENSION,Previdenza integrativa,0.5,0.0,1.0,0.2,0.857,1.0,media,False,,False,Phone,Calcolo del gap pensionistico e proposta di piano di contribuzione,Fascia d'età 35-44,160,0.9,24.7,3
FZ-0084,CASH_SAVINGS,Conto deposito / risparmio remunerato,0.337,0.58,1.0,0.483,0.75,1.0,media,False,,False,Phone,Proposta di conto deposito per la liquidità ferma o vincolata a un obiettivo,"Interesse per prodotti di risparmio: Yes | Nel testo: Liquidità ferma sul conto, vuole iniziare a investire senza rischi che non capisce | Liquidità sul conto: €22.500",70,0.9,22.8,4
FZ-0084,PREMIUM,Finanz Premium (piano e budget),0.35,0.0,1.0,0.14,1.0,1.0,media,False,,False,Phone,Trial Premium con piano finanziario personalizzato,Sicurezza nelle decisioni finanziarie bassa (2/5),50,0.9,6.3,5
FZ-0085,MORTGAGE,Mutuo prima casa,0.5,1.0,0.45,0.36,1.64,1.0,alta,False,,False,Call con consulente,Simulazione di sostenibilità e lead al broker mutui partner,"Interesse per il mutuo: Yes | Obiettivo principale: Buy a home | Nel testo: In affitto, vuole la prima casa e non sa quanto tenere per l'anticipo | Aperto a una call con consulente | Pianifica l'acquisto casa entro 36 mesi | Anticipo ancora lontano: liquidità al 39% del necessario stimato | Mutuo sostenibile stimato: circa €246.000",700,1.0,413.3,1
FZ-0085,CASH_SAVINGS,Conto deposito / risparmio remunerato,0.65,1.0,1.0,0.86,1.0,1.0,alta,False,,False,WhatsApp,Proposta di conto deposito per la liquidità ferma o vincolata a un obiettivo,"Interesse per prodotti di risparmio: Yes | Obiettivo principale: Buy a home | Nel testo: In affitto, vuole la prima casa e non sa quanto tenere per l'anticipo | Liquidità sul conto: €30.000 | Liquidità vincolata all'anticipo casa: serve rendimento senza rischio",70,1.0,60.2,2
FZ-0085,PROTECTION,Protezione famiglia e reddito,0.15,0.1,1.0,0.12,1.0,1.0,alta,False,,False,Call con consulente,Contenuto educativo sulla protezione + preventivo polizza partner,Aperto a una call con consulente | Mutuo in corso o in arrivo,150,1.0,18.0,3
FZ-0085,PREMIUM,Finanz Premium (piano e budget),0.35,0.0,1.0,0.14,1.0,1.0,alta,False,,False,WhatsApp,Trial Premium con piano finanziario personalizzato,Sicurezza nelle decisioni finanziarie bassa (2/5),50,1.0,7.0,4
FZ-0086,INVEST_START,Avvio investimenti (PAC/ETF),0.478,1.0,1.0,0.791,0.5,1.0,alta,False,,False,Phone,Percorso guidato di primo investimento con PAC mensile,Interesse per gli investimenti: Yes | Obiettivo principale: Start investing | Nel testo: Vuole un PAC in ETF e capire quanto può investire in sicurezza | Risparmia €400 al mese (20% del reddito),180,1.0,71.2,1
FZ-0086,PROTECTION,Protezione famiglia e reddito,0.4,0.1,1.0,0.22,1.75,1.0,alta,False,,False,Call con consulente,Contenuto educativo sulla protezione + preventivo polizza partner,Aperto a una call con consulente | 3 persone a carico,150,1.0,57.8,2
FZ-0086,PREMIUM,Finanz Premium (piano e budget),0.25,0.1,1.0,0.16,1.0,1.0,alta,False,,False,Phone,Trial Premium con piano finanziario personalizzato,Evento che fa da trigger: Planning relocation | Evento di vita recente: Planning relocation,50,1.0,8.0,3
FZ-0087,INVEST_START,Avvio investimenti (PAC/ETF),0.55,1.0,1.0,0.82,0.5,1.0,alta,False,,False,WhatsApp,Percorso guidato di primo investimento con PAC mensile,Interesse per gli investimenti: Yes | Obiettivo principale: Start investing | Nel testo: Vuole un PAC in ETF e capire quanto può investire in sicurezza | Liquidità oltre il cuscinetto di sicurezza: circa €5.000 | Risparmia €800 al mese (21% del reddito),180,1.0,73.8,1
FZ-0087,CASH_SAVINGS,Conto deposito / risparmio remunerato,0.345,0.58,1.0,0.486,0.767,1.0,alta,False,,False,WhatsApp,Proposta di conto deposito per la liquidità ferma o vincolata a un obiettivo,Interesse per prodotti di risparmio: Yes | Nel testo: Vuole un PAC in ETF e capire quanto può investire in sicurezza | Liquidità sul conto: €23.000,70,1.0,26.1,2
FZ-0087,PREMIUM,Finanz Premium (piano e budget),0.25,0.1,1.0,0.16,1.0,1.0,alta,False,,False,WhatsApp,Trial Premium con piano finanziario personalizzato,Evento che fa da trigger: Moved city | Evento di vita recente: Moved city,50,1.0,8.0,3
FZ-0088,PROTECTION,Protezione famiglia e reddito,0.4,1.0,1.0,0.76,1.75,1.0,media,False,,False,Phone,Contenuto educativo sulla protezione + preventivo polizza partner,"Interesse per le assicurazioni: Yes | Obiettivo principale: Protect family finances | Nel testo: Pianificare spese familiari, assicurazioni e risparmio senza strafare ogni mese | Evento che fa da trigger: Got married | 3 persone a carico",150,0.9,179.6,1
FZ-0088,PENSION,Previdenza integrativa,0.5,0.2,1.0,0.32,1.257,1.0,media,False,,False,Phone,Calcolo del gap pensionistico e proposta di piano di contribuzione,Interesse per la previdenza: Maybe | Fascia d'età 35-44,160,0.9,57.9,2
FZ-0088,PREMIUM,Finanz Premium (piano e budget),0.45,1.0,1.0,0.78,1.0,1.0,media,False,,False,Phone,Trial Premium con piano finanziario personalizzato,"Obiettivo principale: Protect family finances | Nel testo: Pianificare spese familiari, assicurazioni e risparmio senza strafare ogni mese | Evento che fa da trigger: Got married | Evento di vita recente: Got married | Chiede esplicitamente un piano o un budget",50,0.9,35.1,3
FZ-0088,INVEST_START,Avvio investimenti (PAC/ETF),0.159,0.2,1.0,0.184,0.5,1.0,media,False,,False,Phone,Percorso guidato di primo investimento con PAC mensile,Interesse per gli investimenti: Maybe | Risparmia €350 al mese (8% del reddito),180,0.9,14.9,4
FZ-0088,CASH_SAVINGS,Conto deposito / risparmio remunerato,0.41,0.4,1.0,0.404,0.5,1.0,media,False,,False,Phone,Proposta di conto deposito per la liquidità ferma o vincolata a un obiettivo,Interesse per prodotti di risparmio: Yes | Liquidità sul conto: €14.000 | Tolleranza al rischio bassa (2/5),70,0.9,12.7,5
FZ-0089,INVEST_START,Avvio investimenti (PAC/ETF),0.664,1.0,1.0,0.866,0.895,0.3,media,False,,False,In-app (nessun consenso marketing),Percorso guidato di primo investimento con PAC mensile,"Interesse per gli investimenti: Yes | Obiettivo principale: Start investing | Nel testo: Liquidità ferma sul conto, vuole iniziare a investire senza rischi che non capisce | Evento che fa da trigger: Promotion | Liquidità oltre il cuscinetto di sicurezza: circa €16.400 | Risparmia €250 al mese (9% del reddito)",180,0.9,37.7,1
FZ-0089,CASH_SAVINGS,Conto deposito / risparmio remunerato,0.605,0.58,1.0,0.59,0.9,0.3,media,False,,False,In-app (nessun consenso marketing),Proposta di conto deposito per la liquidità ferma o vincolata a un obiettivo,"Interesse per prodotti di risparmio: Yes | Nel testo: Liquidità ferma sul conto, vuole iniziare a investire senza rischi che non capisce | Liquidità sul conto: €27.000 | Tolleranza al rischio bassa (2/5)",70,0.9,10.0,2
FZ-0089,PROTECTION,Protezione famiglia e reddito,0.4,0.0,1.0,0.16,1.5,0.3,media,False,,False,In-app (nessun consenso marketing); può prenotare lui la call,Contenuto educativo sulla protezione + preventivo polizza partner,2 persone a carico,150,0.9,9.7,3
FZ-0089,PREMIUM,Finanz Premium (piano e budget),0.25,0.0,1.0,0.1,1.0,0.3,media,False,,False,In-app (nessun consenso marketing),Trial Premium con piano finanziario personalizzato,Evento di vita recente: Promotion,50,0.9,1.4,4
FZ-0090,DEBT_PLAN,Piano di rientro debiti,0.472,1.0,1.0,0.789,1.0,1.0,media,False,,False,Email,"Piano di rientro con priorità per costo del debito, dentro Finanz Premium",Obiettivo principale: Reduce debt | Nel testo: Troppe rate ogni mese: vuole alleggerire la pressione prima di pensare a investire | Debito al consumo: €11.000 (19% del reddito annuo) | Risparmio mensile nullo o negativo,50,0.9,35.5,1
FZ-0090,PREMIUM,Finanz Premium (piano e budget),1.0,0.4,1.0,0.64,1.0,1.0,media,False,,False,Email,Trial Premium con piano finanziario personalizzato,Nel testo: Troppe rate ogni mese: vuole alleggerire la pressione prima di pensare a investire | Evento che fa da trigger: New job | Sicurezza nelle decisioni finanziarie bassa (2/5) | Evento di vita recente: New job | Chiede esplicitamente un piano o un budget,50,0.9,28.8,2
FZ-0090,PENSION,Previdenza integrativa,0.8,0.2,1.0,0.066,1.357,1.0,media,True,Utente sotto pressione finanziaria: prima il piano di rientro e il cash flow,False,Call con consulente,Sospesa. Utente sotto pressione finanziaria: prima il piano di rientro e il cash flow,Evento che fa da trigger: New job | Aperto a una call con consulente | Fascia d'età 45-54,160,0.9,12.9,3
FZ-0091,PROTECTION,Protezione famiglia e reddito,0.4,1.0,1.0,0.76,1.25,1.0,alta,False,,False,Call con consulente,Contenuto educativo sulla protezione + preventivo polizza partner,Interesse per le assicurazioni: Yes | Obiettivo principale: Protect family finances | Nel testo: Nuovo figlio: verificare che fondo emergenza e protezioni siano adeguati | Aperto a una call con consulente | 1 persone a carico,150,1.0,142.5,1
FZ-0091,PENSION,Previdenza integrativa,0.5,0.5,1.0,0.5,1.257,1.0,alta,False,,False,Call con consulente,Calcolo del gap pensionistico e proposta di piano di contribuzione,Interesse per la previdenza: Yes | Aperto a una call con consulente | Fascia d'età 35-44,160,1.0,100.6,2
FZ-0091,INVEST_START,Avvio investimenti (PAC/ETF),0.511,0.2,1.0,0.324,0.645,1.0,alta,False,,False,WhatsApp,Percorso guidato di primo investimento con PAC mensile,Interesse per gli investimenti: Maybe | Liquidità oltre il cuscinetto di sicurezza: circa €10.200 | Risparmia €450 al mese (10% del reddito),180,1.0,37.6,3
FZ-0091,CASH_SAVINGS,Conto deposito / risparmio remunerato,0.59,0.58,1.0,0.584,0.867,1.0,alta,False,,False,WhatsApp,Proposta di conto deposito per la liquidità ferma o vincolata a un obiettivo,Interesse per prodotti di risparmio: Yes | Nel testo: Nuovo figlio: verificare che fondo emergenza e protezioni siano adeguati | Liquidità sul conto: €26.000 | Tolleranza al rischio bassa (2/5),70,1.0,35.4,4
FZ-0091,PREMIUM,Finanz Premium (piano e budget),0.2,0.8,1.0,0.56,1.0,1.0,alta,False,,False,WhatsApp,Trial Premium con piano finanziario personalizzato,Obiettivo principale: Protect family finances | Nel testo: Nuovo figlio: verificare che fondo emergenza e protezioni siano adeguati | Chiede esplicitamente un piano o un budget,50,1.0,28.0,5
FZ-0092,INVEST_START,Avvio investimenti (PAC/ETF),0.929,1.0,1.0,0.972,2.0,1.0,alta,False,,False,Email,Percorso guidato di primo investimento con PAC mensile,Interesse per gli investimenti: Yes | Obiettivo principale: Make savings work harder | Nel testo: Dividere la liquidità tra fondo emergenza e investimenti | Liquidità oltre il cuscinetto di sicurezza: circa €43.700 | Risparmia €700 al mese (16% del reddito),180,1.0,349.9,1
FZ-0092,CASH_SAVINGS,Conto deposito / risparmio remunerato,0.9,1.0,1.0,0.96,2.0,1.0,alta,False,,False,Email,Proposta di conto deposito per la liquidità ferma o vincolata a un obiettivo,"Interesse per prodotti di risparmio: Yes | Obiettivo principale: Make savings work harder | Nel testo: Dividere la liquidità tra fondo emergenza e investimenti | Liquidità sul conto: €65.000 | Tolleranza al rischio bassa (2/5) | Preoccupazione: ""Inflation reducing the value of my cash""",70,1.0,134.4,2
FZ-0092,PENSION,Previdenza integrativa,0.6,0.6,1.0,0.6,1.214,1.0,alta,False,,False,Call con consulente,Calcolo del gap pensionistico e proposta di piano di contribuzione,Interesse per la previdenza: Yes | Evento che fa da trigger: Started freelancing | Aperto a una call con consulente | Fascia d'età 35-44 | Autonomo o freelance: pensione pubblica tipicamente più bassa,160,1.0,116.5,3
FZ-0092,PROTECTION,Protezione famiglia e reddito,0.2,0.2,1.0,0.2,1.0,1.0,alta,False,,False,Call con consulente,Contenuto educativo sulla protezione + preventivo polizza partner,Evento che fa da trigger: Started freelancing | Aperto a una call con consulente | Reddito non garantito (autonomo o stabilità bassa),150,1.0,30.0,4
FZ-0092,PREMIUM,Finanz Premium (piano e budget),0.8,0.3,1.0,0.5,1.0,1.0,alta,False,,False,Email,Trial Premium con piano finanziario personalizzato,Nel testo: Dividere la liquidità tra fondo emergenza e investimenti | Sicurezza nelle decisioni finanziarie bassa (2/5) | Evento di vita recente: Started freelancing,50,1.0,25.0,5
FZ-0092,FREELANCE_KIT,Kit freelance (conto business + accantonamento tasse),0.3,0.1,1.0,0.18,1.0,1.0,alta,False,,False,Email,Onboarding conto business con regola automatica di accantonamento tasse,Evento che fa da trigger: Started freelancing | Ha appena iniziato a lavorare in proprio,90,1.0,16.2,6
FZ-0093,PROTECTION,Protezione famiglia e reddito,0.4,1.0,1.0,0.76,1.75,1.0,alta,False,,False,Call con consulente,Contenuto educativo sulla protezione + preventivo polizza partner,"Interesse per le assicurazioni: Yes | Obiettivo principale: Protect family finances | Nel testo: Pianificare spese familiari, assicurazioni e risparmio senza strafare ogni mese | Aperto a una call con consulente | 3 persone a carico",150,1.0,199.5,1
FZ-0093,INVEST_START,Avvio investimenti (PAC/ETF),0.711,0.4,1.0,0.524,1.43,1.0,alta,False,,False,Phone,Percorso guidato di primo investimento con PAC mensile,Interesse per gli investimenti: Yes | Liquidità oltre il cuscinetto di sicurezza: circa €27.400 | Risparmia €200 al mese (6% del reddito),180,1.0,134.9,2
FZ-0093,PENSION,Previdenza integrativa,0.5,0.3,1.0,0.38,1.029,1.0,alta,False,,False,Call con consulente,Calcolo del gap pensionistico e proposta di piano di contribuzione,Interesse per la previdenza: Maybe | Aperto a una call con consulente | Fascia d'età 35-44,160,1.0,62.6,3
FZ-0093,CASH_SAVINGS,Conto deposito / risparmio remunerato,0.8,0.4,1.0,0.56,1.367,1.0,alta,False,,False,Phone,Proposta di conto deposito per la liquidità ferma o vincolata a un obiettivo,Interesse per prodotti di risparmio: Yes | Liquidità sul conto: €41.000 | Tolleranza al rischio bassa (2/5),70,1.0,53.6,4
FZ-0093,PREMIUM,Finanz Premium (piano e budget),0.55,1.0,1.0,0.82,1.0,1.0,alta,False,,False,Phone,Trial Premium con piano finanziario personalizzato,"Obiettivo principale: Protect family finances | Nel testo: Pianificare spese familiari, assicurazioni e risparmio senza strafare ogni mese | Sicurezza nelle decisioni finanziarie bassa (2/5) | Chiede esplicitamente un piano o un budget",50,1.0,41.0,5
FZ-0094,WEALTH_REVIEW,Revisione portafoglio,0.56,1.0,1.0,0.824,1.1,1.0,media,False,,False,Call con consulente,"Check-up gratuito di allocazione, costi e concentrazione, poi referral consulente",Interesse per gli investimenti: Yes | Obiettivo principale: Prepare for retirement | Nel testo: Pensione vicina: vuole una strategia chiara tra previdenza e investimenti | Aperto a una call con consulente | Patrimonio investito dichiarato: €120.000 | Esperienza di investimento: Experienced,400,0.9,326.3,1
FZ-0094,PENSION,Previdenza integrativa,0.9,1.0,1.0,0.96,0.943,1.0,media,False,,False,Call con consulente,Calcolo del gap pensionistico e proposta di piano di contribuzione,Interesse per la previdenza: Yes | Obiettivo principale: Prepare for retirement | Nel testo: Pensione vicina: vuole una strategia chiara tra previdenza e investimenti | Aperto a una call con consulente | Fascia d'età 55-64,160,0.9,130.4,2
FZ-0094,PROTECTION,Protezione famiglia e reddito,0.55,0.2,1.0,0.34,1.25,1.0,media,False,,True,Call con consulente,"Contenuto educativo sulla protezione, nessuna offerta diretta per ora",Evento che fa da trigger: Got married | Aperto a una call con consulente | 1 persone a carico | Mutuo in corso o in arrivo | Bisogno latente: dice di non essere interessato alle assicurazioni,150,0.9,57.4,3
FZ-0094,CASH_SAVINGS,Conto deposito / risparmio remunerato,0.6,0.2,1.0,0.36,2.0,1.0,media,False,,False,Email,Proposta di conto deposito per la liquidità ferma o vincolata a un obiettivo,Interesse per prodotti di risparmio: Maybe | Liquidità sul conto: €60.000,70,0.9,45.4,4
FZ-0094,PREMIUM,Finanz Premium (piano e budget),0.45,0.4,1.0,0.42,1.0,1.0,media,False,,False,Email,Trial Premium con piano finanziario personalizzato,Nel testo: Pensione vicina: vuole una strategia chiara tra previdenza e investimenti | Evento che fa da trigger: Got married | Evento di vita recente: Got married | Chiede esplicitamente un piano o un budget,50,0.9,18.9,5
FZ-0095,INVEST_START,Avvio investimenti (PAC/ETF),0.423,1.0,1.0,0.769,0.5,1.0,alta,False,,False,Email,Percorso guidato di primo investimento con PAC mensile,"Interesse per gli investimenti: Yes | Obiettivo principale: Start investing | Nel testo: Liquidità ferma sul conto, vuole iniziare a investire senza rischi che non capisce | Risparmia €500 al mese (17% del reddito)",180,1.0,69.2,1
FZ-0095,CASH_SAVINGS,Conto deposito / risparmio remunerato,0.255,0.58,1.0,0.45,0.567,1.0,alta,False,,False,Email,Proposta di conto deposito per la liquidità ferma o vincolata a un obiettivo,"Interesse per prodotti di risparmio: Yes | Nel testo: Liquidità ferma sul conto, vuole iniziare a investire senza rischi che non capisce | Liquidità sul conto: €17.000",70,1.0,17.9,2
FZ-0095,PREMIUM,Finanz Premium (piano e budget),0.25,0.1,1.0,0.16,1.0,1.0,alta,False,,False,Email,Trial Premium con piano finanziario personalizzato,Evento che fa da trigger: Relationship change | Evento di vita recente: Relationship change,50,1.0,8.0,3
FZ-0096,WEALTH_REVIEW,Revisione portafoglio,1.0,1.0,1.0,1.0,1.304,1.0,alta,False,,False,WhatsApp,"Check-up gratuito di allocazione, costi e concentrazione, poi referral consulente","Interesse per gli investimenti: Yes | Obiettivo principale: Optimise investments | Nel testo: Già investe con regolarità: vuole rivedere allocazione, costi e concentrazione | Evento che fa da trigger: Relationship change | Patrimonio investito dichiarato: €155.000 | Esperienza di investimento: Experienced | Preoccupazione principale: ""Fees and tax efficiency""",400,1.0,521.6,1
FZ-0096,PENSION,Previdenza integrativa,0.9,0.4,1.0,0.6,1.571,1.0,alta,False,,False,WhatsApp,Calcolo del gap pensionistico e proposta di piano di contribuzione,Interesse per la previdenza: Yes | Fascia d'età 55-64,160,1.0,150.8,2
FZ-0096,PROTECTION,Protezione famiglia e reddito,0.55,0.1,1.0,0.28,1.25,1.0,alta,False,,True,WhatsApp,"Contenuto educativo sulla protezione, nessuna offerta diretta per ora",Evento che fa da trigger: Relationship change | 1 persone a carico | Mutuo in corso o in arrivo | Bisogno latente: dice di non essere interessato alle assicurazioni,150,1.0,52.5,3
FZ-0096,PREMIUM,Finanz Premium (piano e budget),0.25,0.1,1.0,0.16,1.0,1.0,alta,False,,False,WhatsApp,Trial Premium con piano finanziario personalizzato,Evento che fa da trigger: Relationship change | Evento di vita recente: Relationship change,50,1.0,8.0,4
FZ-0097,PROTECTION,Protezione famiglia e reddito,0.4,1.0,1.0,0.76,1.75,0.3,media,False,,False,In-app (nessun consenso marketing),Contenuto educativo sulla protezione + preventivo polizza partner,"Interesse per le assicurazioni: Yes | Obiettivo principale: Protect family finances | Nel testo: Pianificare spese familiari, assicurazioni e risparmio senza strafare ogni mese | Evento che fa da trigger: Got married | 3 persone a carico",150,0.9,53.9,1
FZ-0097,PENSION,Previdenza integrativa,0.5,0.2,1.0,0.32,1.057,0.3,media,False,,False,In-app (nessun consenso marketing),Calcolo del gap pensionistico e proposta di piano di contribuzione,Interesse per la previdenza: Maybe | Fascia d'età 35-44,160,0.9,14.6,2
FZ-0097,PREMIUM,Finanz Premium (piano e budget),0.45,1.0,1.0,0.78,1.0,0.3,media,False,,False,In-app (nessun consenso marketing),Trial Premium con piano finanziario personalizzato,"Obiettivo principale: Protect family finances | Nel testo: Pianificare spese familiari, assicurazioni e risparmio senza strafare ogni mese | Evento che fa da trigger: Got married | Evento di vita recente: Got married | Chiede esplicitamente un piano o un budget",50,0.9,10.5,3
FZ-0097,INVEST_START,Avvio investimenti (PAC/ETF),0.4,0.2,1.0,0.28,0.5,0.3,media,False,,False,In-app (nessun consenso marketing),Percorso guidato di primo investimento con PAC mensile,Interesse per gli investimenti: Maybe | Risparmia €900 al mese (24% del reddito),180,0.9,6.8,4
FZ-0097,CASH_SAVINGS,Conto deposito / risparmio remunerato,0.35,0.4,1.0,0.38,0.5,0.3,media,False,,False,In-app (nessun consenso marketing),Proposta di conto deposito per la liquidità ferma o vincolata a un obiettivo,Interesse per prodotti di risparmio: Yes | Liquidità sul conto: €10.000 | Tolleranza al rischio bassa (2/5),70,0.9,3.6,5
FZ-0098,WEALTH_REVIEW,Revisione portafoglio,1.0,1.0,1.0,1.0,1.439,1.0,alta,False,,False,Call con consulente,"Check-up gratuito di allocazione, costi e concentrazione, poi referral consulente","Interesse per gli investimenti: Yes | Obiettivo principale: Prepare for retirement | Nel testo: Capire se risparmia abbastanza per la pensione e se gli investimenti attuali reggono | Aperto a una call con consulente | Patrimonio investito dichiarato: €165.000 | Esperienza di investimento: Experienced | Preoccupazione principale: ""Market risk close to retirement""",400,1.0,575.6,1
FZ-0098,PENSION,Previdenza integrativa,0.8,1.0,1.0,0.92,1.486,1.0,alta,False,,False,Call con consulente,Calcolo del gap pensionistico e proposta di piano di contribuzione,Interesse per la previdenza: Yes | Obiettivo principale: Prepare for retirement | Nel testo: Capire se risparmia abbastanza per la pensione e se gli investimenti attuali reggono | Aperto a una call con consulente | Fascia d'età 45-54,160,1.0,218.7,2
FZ-0098,PROTECTION,Protezione famiglia e reddito,0.55,0.2,1.0,0.34,1.5,1.0,alta,False,,True,Call con consulente,"Contenuto educativo sulla protezione, nessuna offerta diretta per ora",Evento che fa da trigger: Got married | Aperto a una call con consulente | 2 persone a carico | Mutuo in corso o in arrivo | Bisogno latente: dice di non essere interessato alle assicurazioni,150,1.0,76.5,3
FZ-0098,CASH_SAVINGS,Conto deposito / risparmio remunerato,0.6,0.2,1.0,0.36,2.0,1.0,alta,False,,False,Phone,Proposta di conto deposito per la liquidità ferma o vincolata a un obiettivo,Interesse per prodotti di risparmio: Maybe | Liquidità sul conto: €70.000,70,1.0,50.4,4
FZ-0098,PREMIUM,Finanz Premium (piano e budget),0.25,0.1,1.0,0.16,1.0,1.0,alta,False,,False,Phone,Trial Premium con piano finanziario personalizzato,Evento che fa da trigger: Got married | Evento di vita recente: Got married,50,1.0,8.0,5
FZ-0099,MORTGAGE,Mutuo prima casa,1.0,1.0,0.75,0.75,1.68,1.0,alta,False,,False,Call con consulente,Simulazione di sostenibilità e lead al broker mutui partner,"Interesse per il mutuo: Yes | Obiettivo principale: Buy a home | Nel testo: In affitto, vuole la prima casa e non sa quanto tenere per l'anticipo | Aperto a una call con consulente | Pianifica l'acquisto casa entro 18 mesi | La liquidità copre circa il 52% di anticipo e costi stimati | Mutuo sostenibile stimato: circa €252.000",700,1.0,882.0,1
FZ-0099,CASH_SAVINGS,Conto deposito / risparmio remunerato,0.8,1.0,1.0,0.92,1.367,1.0,alta,False,,False,Phone,Proposta di conto deposito per la liquidità ferma o vincolata a un obiettivo,"Interesse per prodotti di risparmio: Yes | Obiettivo principale: Buy a home | Nel testo: In affitto, vuole la prima casa e non sa quanto tenere per l'anticipo | Liquidità sul conto: €41.000 | Liquidità vincolata all'anticipo casa: serve rendimento senza rischio",70,1.0,88.0,2
FZ-0099,PROTECTION,Protezione famiglia e reddito,0.15,0.1,1.0,0.12,1.0,1.0,alta,False,,False,Call con consulente,Contenuto educativo sulla protezione + preventivo polizza partner,Aperto a una call con consulente | Mutuo in corso o in arrivo,150,1.0,18.0,3
FZ-0099,PREMIUM,Finanz Premium (piano e budget),0.25,0.1,1.0,0.16,1.0,1.0,alta,False,,False,Phone,Trial Premium con piano finanziario personalizzato,Evento che fa da trigger: New job | Evento di vita recente: New job,50,1.0,8.0,4
FZ-0100,WEALTH_REVIEW,Revisione portafoglio,1.0,1.0,1.0,1.0,1.2,1.0,media,False,,False,WhatsApp,"Check-up gratuito di allocazione, costi e concentrazione, poi referral consulente","Interesse per gli investimenti: Yes | Obiettivo principale: Optimise investments | Nel testo: Una visione più ordinata del portafoglio e dei versamenti futuri | Patrimonio investito dichiarato: €180.000 | Esperienza di investimento: Experienced | Preoccupazione principale: ""Keeping my allocation disciplined""",400,0.9,432.0,1
FZ-0100,PENSION,Previdenza integrativa,0.5,0.2,1.0,0.32,2.0,1.0,media,False,,False,WhatsApp,Calcolo del gap pensionistico e proposta di piano di contribuzione,Interesse per la previdenza: Maybe | Fascia d'età 35-44,160,0.9,92.2,2
FZ-0100,PROTECTION,Protezione famiglia e reddito,0.4,0.0,1.0,0.16,1.5,1.0,media,False,,False,WhatsApp,Contenuto educativo sulla protezione + preventivo polizza partner,2 persone a carico,150,0.9,32.4,3
FZ-0100,CASH_SAVINGS,Conto deposito / risparmio remunerato,0.3,0.2,1.0,0.24,0.667,1.0,media,False,,False,WhatsApp,Proposta di conto deposito per la liquidità ferma o vincolata a un obiettivo,Interesse per prodotti di risparmio: Maybe | Liquidità sul conto: €20.000,70,0.9,10.1,4
FZ-0100,PREMIUM,Finanz Premium (piano e budget),0.25,0.1,1.0,0.16,1.0,1.0,media,False,,False,WhatsApp,Trial Premium con piano finanziario personalizzato,Evento che fa da trigger: Moved city | Evento di vita recente: Moved city,50,0.9,7.2,5
FZ-0101,DEBT_PLAN,Piano di rientro debiti,0.85,1.0,1.0,0.94,1.0,0.3,media,False,,False,In-app (nessun consenso marketing),"Piano di rientro con priorità per costo del debito, dentro Finanz Premium","Obiettivo principale: Reduce debt | Nel testo: Rimettere sotto controllo le rate e capire quale debito chiudere prima | Debito al consumo: €16.000 (42% del reddito annuo) | Più debiti aperti: Car loan, Credit card | Debito su carta di credito (il più caro)",50,0.9,12.7,1
FZ-0101,PREMIUM,Finanz Premium (piano e budget),1.0,0.3,1.0,0.58,1.0,0.3,media,False,,False,In-app (nessun consenso marketing),Trial Premium con piano finanziario personalizzato,Nel testo: Rimettere sotto controllo le rate e capire quale debito chiudere prima | Sicurezza nelle decisioni finanziarie bassa (1/5) | Evento di vita recente: Promotion | Chiede esplicitamente un piano o un budget,50,0.9,7.8,2
FZ-0101,PROTECTION,Protezione famiglia e reddito,0.85,0.1,1.0,0.06,1.25,0.3,media,True,Utente sotto pressione finanziaria: prima il piano di rientro e il cash flow,True,In-app (nessun consenso marketing); può prenotare lui la call,Sospesa. Utente sotto pressione finanziaria: prima il piano di rientro e il cash flow,Aperto a una call con consulente | 1 persone a carico | Fondo di emergenza dichiarato: 2 mesi | Reddito non garantito (autonomo o stabilità bassa) | Bisogno latente: dice di non essere interessato alle assicurazioni,150,0.9,3.0,3
FZ-0102,INVEST_START,Avvio investimenti (PAC/ETF),0.49,1.0,1.0,0.796,0.5,0.3,media,False,,False,In-app (nessun consenso marketing),Percorso guidato di primo investimento con PAC mensile,Interesse per gli investimenti: Yes | Obiettivo principale: Start investing | Nel testo: Vuole un PAC in ETF e capire quanto può investire in sicurezza | Risparmia €800 al mese (24% del reddito),180,0.9,19.3,1
FZ-0102,PENSION,Previdenza integrativa,0.5,0.1,1.0,0.26,0.943,0.3,media,False,,False,In-app (nessun consenso marketing); può prenotare lui la call,Calcolo del gap pensionistico e proposta di piano di contribuzione,Aperto a una call con consulente | Fascia d'età 35-44,160,0.9,10.6,2
FZ-0102,PROTECTION,Protezione famiglia e reddito,0.2,0.2,1.0,0.2,1.0,0.3,media,False,,False,In-app (nessun consenso marketing); può prenotare lui la call,Contenuto educativo sulla protezione + preventivo polizza partner,Evento che fa da trigger: Had a child | Aperto a una call con consulente | Reddito non garantito (autonomo o stabilità bassa),150,0.9,8.1,3
FZ-0102,CASH_SAVINGS,Conto deposito / risparmio remunerato,0.27,0.58,1.0,0.456,0.6,0.3,media,False,,False,In-app (nessun consenso marketing),Proposta di conto deposito per la liquidità ferma o vincolata a un obiettivo,Interesse per prodotti di risparmio: Yes | Nel testo: Vuole un PAC in ETF e capire quanto può investire in sicurezza | Liquidità sul conto: €18.000,70,0.9,5.2,4
FZ-0102,PREMIUM,Finanz Premium (piano e budget),0.25,0.1,1.0,0.16,1.0,0.3,media,False,,False,In-app (nessun consenso marketing),Trial Premium con piano finanziario personalizzato,Evento che fa da trigger: Had a child | Evento di vita recente: Had a child,50,0.9,2.2,5
FZ-0103,WEALTH_REVIEW,Revisione portafoglio,0.7,1.0,1.0,0.88,1.824,1.0,alta,False,,False,Call con consulente,"Check-up gratuito di allocazione, costi e concentrazione, poi referral consulente",Interesse per gli investimenti: Yes | Obiettivo principale: Prepare for retirement | Nel testo: Capire se risparmia abbastanza per la pensione e se gli investimenti attuali reggono | Aperto a una call con consulente | Patrimonio investito dichiarato: €215.000 | Esperienza di investimento: Experienced,400,1.0,642.0,1
FZ-0103,PENSION,Previdenza integrativa,0.9,1.0,1.0,0.96,1.4,1.0,alta,False,,False,Call con consulente,Calcolo del gap pensionistico e proposta di piano di contribuzione,Interesse per la previdenza: Yes | Obiettivo principale: Prepare for retirement | Nel testo: Capire se risparmia abbastanza per la pensione e se gli investimenti attuali reggono | Aperto a una call con consulente | Fascia d'età 55-64,160,1.0,215.0,2
FZ-0103,CASH_SAVINGS,Conto deposito / risparmio remunerato,0.8,0.2,1.0,0.44,2.0,1.0,alta,False,,False,Email,Proposta di conto deposito per la liquidità ferma o vincolata a un obiettivo,Interesse per prodotti di risparmio: Maybe | Liquidità sul conto: €75.000 | Tolleranza al rischio bassa (2/5),70,1.0,61.6,3
FZ-0103,PROTECTION,Protezione famiglia e reddito,0.4,0.1,1.0,0.22,1.5,1.0,alta,False,,False,Call con consulente,Contenuto educativo sulla protezione + preventivo polizza partner,Aperto a una call con consulente | 2 persone a carico,150,1.0,49.5,4
FZ-0103,DEBT_PLAN,Piano di rientro debiti,0.377,0.0,1.0,0.151,1.0,1.0,alta,False,,False,Email,"Piano di rientro con priorità per costo del debito, dentro Finanz Premium",Debito al consumo: €8.000 (14% del reddito annuo) | Debito su carta di credito (il più caro),50,1.0,7.6,5
FZ-0104,WEALTH_REVIEW,Revisione portafoglio,0.7,1.0,1.0,0.88,1.412,0.3,alta,False,,False,In-app (nessun consenso marketing); può prenotare lui la call,"Check-up gratuito di allocazione, costi e concentrazione, poi referral consulente",Interesse per gli investimenti: Yes | Obiettivo principale: Prepare for retirement | Nel testo: Stimare il gap pensionistico e il versamento mensile per colmarlo | Aperto a una call con consulente | Patrimonio investito dichiarato: €195.000 | Esperienza di investimento: Experienced,400,1.0,149.1,1
FZ-0104,PENSION,Previdenza integrativa,0.9,1.0,1.0,0.96,1.486,0.3,alta,False,,False,In-app (nessun consenso marketing); può prenotare lui la call,Calcolo del gap pensionistico e proposta di piano di contribuzione,Interesse per la previdenza: Yes | Obiettivo principale: Prepare for retirement | Nel testo: Stimare il gap pensionistico e il versamento mensile per colmarlo | Evento che fa da trigger: New job | Aperto a una call con consulente | Fascia d'età 55-64,160,1.0,68.5,2
FZ-0104,PROTECTION,Protezione famiglia e reddito,0.4,0.1,1.0,0.22,1.5,0.3,alta,False,,False,In-app (nessun consenso marketing); può prenotare lui la call,Contenuto educativo sulla protezione + preventivo polizza partner,Aperto a una call con consulente | 2 persone a carico,150,1.0,14.8,3
FZ-0104,CASH_SAVINGS,Conto deposito / risparmio remunerato,0.8,0.2,1.0,0.44,1.5,0.3,alta,False,,False,In-app (nessun consenso marketing),Proposta di conto deposito per la liquidità ferma o vincolata a un obiettivo,Interesse per prodotti di risparmio: Maybe | Liquidità sul conto: €45.000 | Tolleranza al rischio bassa (2/5),70,1.0,13.9,4
FZ-0104,PREMIUM,Finanz Premium (piano e budget),0.25,0.1,1.0,0.16,1.0,0.3,alta,False,,False,In-app (nessun consenso marketing),Trial Premium con piano finanziario personalizzato,Evento che fa da trigger: New job | Evento di vita recente: New job,50,1.0,2.4,5
FZ-0104,DEBT_PLAN,Piano di rientro debiti,0.337,0.0,1.0,0.135,1.0,0.3,alta,False,,False,In-app (nessun consenso marketing),"Piano di rientro con priorità per costo del debito, dentro Finanz Premium",Debito al consumo: €7.000 (11% del reddito annuo) | Debito su carta di credito (il più caro),50,1.0,2.0,6
FZ-0105,MORTGAGE,Mutuo prima casa,0.8,1.0,0.45,0.414,1.68,1.0,alta,False,,False,Email,Simulazione di sostenibilità e lead al broker mutui partner,Interesse per il mutuo: Yes | Obiettivo principale: Buy a home | Nel testo: Piano per comprare casa in 1-2 anni e confrontare i mutui | Pianifica l'acquisto casa entro 24 mesi | Anticipo ancora lontano: liquidità al 41% del necessario stimato | Mutuo sostenibile stimato: circa €252.000,700,1.0,486.9,1
FZ-0105,PROTECTION,Protezione famiglia e reddito,0.75,0.3,1.0,0.48,2.0,1.0,alta,False,,False,Email,Contenuto educativo sulla protezione + preventivo polizza partner,Interesse per le assicurazioni: Maybe | Evento che fa da trigger: Started freelancing | 4 persone a carico | Mutuo in corso o in arrivo | Reddito non garantito (autonomo o stabilità bassa),150,1.0,144.0,2
FZ-0105,CASH_SAVINGS,Conto deposito / risparmio remunerato,0.88,1.0,1.0,0.952,1.067,1.0,alta,False,,False,Email,Proposta di conto deposito per la liquidità ferma o vincolata a un obiettivo,Interesse per prodotti di risparmio: Yes | Obiettivo principale: Buy a home | Nel testo: Piano per comprare casa in 1-2 anni e confrontare i mutui | Liquidità sul conto: €32.000 | Tolleranza al rischio bassa (2/5) | Liquidità vincolata all'anticipo casa: serve rendimento senza rischio,70,1.0,71.1,3
FZ-0105,PENSION,Previdenza integrativa,0.6,0.1,1.0,0.3,1.2,1.0,alta,False,,False,Email,Calcolo del gap pensionistico e proposta di piano di contribuzione,Evento che fa da trigger: Started freelancing | Fascia d'età 35-44 | Autonomo o freelance: pensione pubblica tipicamente più bassa,160,1.0,57.6,4
FZ-0105,FREELANCE_KIT,Kit freelance (conto business + accantonamento tasse),0.3,0.1,1.0,0.18,1.0,1.0,alta,False,,False,Email,Onboarding conto business con regola automatica di accantonamento tasse,Evento che fa da trigger: Started freelancing | Ha appena iniziato a lavorare in proprio,90,1.0,16.2,5
FZ-0105,PREMIUM,Finanz Premium (piano e budget),0.45,0.0,1.0,0.18,1.0,1.0,alta,False,,False,Email,Trial Premium con piano finanziario personalizzato,Evento di vita recente: Started freelancing,50,1.0,9.0,6
FZ-0106,WEALTH_REVIEW,Revisione portafoglio,0.7,1.0,1.0,0.88,1.263,1.0,alta,False,,False,Call con consulente,"Check-up gratuito di allocazione, costi e concentrazione, poi referral consulente",Interesse per gli investimenti: Yes | Obiettivo principale: Prepare for retirement | Nel testo: Pensione vicina: vuole una strategia chiara tra previdenza e investimenti | Aperto a una call con consulente | Patrimonio investito dichiarato: €165.000 | Esperienza di investimento: Intermediate,400,1.0,444.6,1
FZ-0106,PENSION,Previdenza integrativa,0.9,1.0,1.0,0.96,0.943,1.0,alta,False,,False,Call con consulente,Calcolo del gap pensionistico e proposta di piano di contribuzione,Interesse per la previdenza: Yes | Obiettivo principale: Prepare for retirement | Nel testo: Pensione vicina: vuole una strategia chiara tra previdenza e investimenti | Aperto a una call con consulente | Fascia d'età 55-64,160,1.0,144.8,2
FZ-0106,PROTECTION,Protezione famiglia e reddito,0.55,0.1,1.0,0.28,1.25,1.0,alta,False,,True,Call con consulente,"Contenuto educativo sulla protezione, nessuna offerta diretta per ora",Aperto a una call con consulente | 1 persone a carico | Mutuo in corso o in arrivo | Bisogno latente: dice di non essere interessato alle assicurazioni,150,1.0,52.5,3
FZ-0106,CASH_SAVINGS,Conto deposito / risparmio remunerato,0.6,0.3,1.0,0.42,1.333,1.0,alta,False,,False,Email,Proposta di conto deposito per la liquidità ferma o vincolata a un obiettivo,Interesse per prodotti di risparmio: Maybe | Evento che fa da trigger: Unexpected expense | Liquidità sul conto: €40.000,70,1.0,39.2,4
FZ-0106,PREMIUM,Finanz Premium (piano e budget),0.45,0.3,1.0,0.36,1.0,1.0,alta,False,,False,Email,Trial Premium con piano finanziario personalizzato,Nel testo: Pensione vicina: vuole una strategia chiara tra previdenza e investimenti | Evento di vita recente: Unexpected expense | Chiede esplicitamente un piano o un budget,50,1.0,18.0,5
FZ-0106,DEBT_PLAN,Piano di rientro debiti,0.445,0.1,1.0,0.238,1.0,1.0,alta,False,,False,Email,"Piano di rientro con priorità per costo del debito, dentro Finanz Premium",Evento che fa da trigger: Unexpected expense | Debito al consumo: €7.000 (18% del reddito annuo) | Debito su carta di credito (il più caro),50,1.0,11.9,6
FZ-0107,PENSION,Previdenza integrativa,0.6,0.4,1.0,0.48,1.429,1.0,alta,False,,False,Phone,Calcolo del gap pensionistico e proposta di piano di contribuzione,Interesse per la previdenza: Yes | Fascia d'età 35-44 | Autonomo o freelance: pensione pubblica tipicamente più bassa,160,1.0,109.7,1
FZ-0107,FREELANCE_KIT,Kit freelance (conto business + accantonamento tasse),0.7,1.0,1.0,0.88,1.0,1.0,alta,False,,False,Phone,Onboarding conto business con regola automatica di accantonamento tasse,"Obiettivo principale: Stabilise finances | Nel testo: Da freelance cerca un sistema per tasse, risparmio e lungo periodo | Lavoratore autonomo | Reddito variabile o tasse come preoccupazione (""Not having enough buffer in weak months"")",90,1.0,79.2,2
FZ-0107,PROTECTION,Protezione famiglia e reddito,0.6,0.0,1.0,0.24,1.5,1.0,alta,False,,True,Phone,"Contenuto educativo sulla protezione, nessuna offerta diretta per ora",2 persone a carico | Reddito non garantito (autonomo o stabilità bassa) | Bisogno latente: dice di non essere interessato alle assicurazioni,150,1.0,54.0,3
FZ-0107,PREMIUM,Finanz Premium (piano e budget),0.65,1.0,1.0,0.86,1.0,1.0,alta,False,,False,Phone,Trial Premium con piano finanziario personalizzato,"Obiettivo principale: Stabilise finances | Nel testo: Da freelance cerca un sistema per tasse, risparmio e lungo periodo | Evento di vita recente: Unexpected expense | Chiede esplicitamente un piano o un budget",50,1.0,43.0,4
FZ-0107,CASH_SAVINGS,Conto deposito / risparmio remunerato,0.545,0.8,1.0,0.698,0.767,1.0,alta,False,,False,Phone,Proposta di conto deposito per la liquidità ferma o vincolata a un obiettivo,Interesse per prodotti di risparmio: Yes | Obiettivo principale: Stabilise finances | Evento che fa da trigger: Unexpected expense | Liquidità sul conto: €23.000 | Tolleranza al rischio bassa (2/5),70,1.0,37.5,5
FZ-0107,INVEST_START,Avvio investimenti (PAC/ETF),0.36,0.4,1.0,0.384,0.5,1.0,alta,False,,False,Phone,Percorso guidato di primo investimento con PAC mensile,Interesse per gli investimenti: Yes | Risparmia €900 al mese (18% del reddito),180,1.0,34.6,6
FZ-0108,INVEST_START,Avvio investimenti (PAC/ETF),0.431,1.0,1.0,0.772,0.5,0.3,bassa,False,,False,In-app (nessun consenso marketing),Percorso guidato di primo investimento con PAC mensile,Interesse per gli investimenti: Yes | Obiettivo principale: Start investing | Nel testo: Vuole un piano di investimento di lungo periodo e smettere di tenere tutto in liquidità | Risparmia €650 al mese (17% del reddito),180,0.75,15.6,1
FZ-0108,PROTECTION,Protezione famiglia e reddito,0.0,0.2,1.0,0.12,1.0,0.3,bassa,False,,False,In-app (nessun consenso marketing); può prenotare lui la call,Contenuto educativo sulla protezione + preventivo polizza partner,Evento che fa da trigger: Had a child | Aperto a una call con consulente,150,0.75,4.0,2
FZ-0108,CASH_SAVINGS,Conto deposito / risparmio remunerato,0.244,0.58,1.0,0.446,0.542,0.3,bassa,False,,False,In-app (nessun consenso marketing),Proposta di conto deposito per la liquidità ferma o vincolata a un obiettivo,Interesse per prodotti di risparmio: Yes | Nel testo: Vuole un piano di investimento di lungo periodo e smettere di tenere tutto in liquidità | Liquidità sul conto: €16.250,70,0.75,3.8,3
FZ-0108,PREMIUM,Finanz Premium (piano e budget),0.25,0.1,1.0,0.16,1.0,0.3,bassa,False,,False,In-app (nessun consenso marketing),Trial Premium con piano finanziario personalizzato,Evento che fa da trigger: Had a child | Evento di vita recente: Had a child,50,0.75,1.8,4
FZ-0109,DEBT_PLAN,Piano di rientro debiti,0.527,1.0,1.0,0.811,1.0,0.85,media,False,,False,"Email (niente chiamate commerciali, chiesto nel testo)","Piano di rientro con priorità per costo del debito, dentro Finanz Premium",Obiettivo principale: Reduce debt | Nel testo: Piano realistico per ripagare i debiti e ricostruire il cuscinetto | Debito al consumo: €7.000 (14% del reddito annuo) | Debito su carta di credito (il più caro) | Risparmio mensile nullo o negativo,50,0.9,31.0,1
FZ-0109,PREMIUM,Finanz Premium (piano e budget),0.8,0.3,1.0,0.5,1.0,0.85,media,False,,False,"Email (niente chiamate commerciali, chiesto nel testo)",Trial Premium con piano finanziario personalizzato,Nel testo: Piano realistico per ripagare i debiti e ricostruire il cuscinetto | Sicurezza nelle decisioni finanziarie bassa (2/5) | Evento di vita recente: Started freelancing,50,0.9,19.1,2
FZ-0109,PROTECTION,Protezione famiglia e reddito,0.85,0.1,1.0,0.06,1.25,0.85,media,True,Utente sotto pressione finanziaria: prima il piano di rientro e il cash flow,True,"Email (niente chiamate commerciali, chiesto nel testo)",Sospesa. Utente sotto pressione finanziaria: prima il piano di rientro e il cash flow,Evento che fa da trigger: Started freelancing | 1 persone a carico | Fondo di emergenza dichiarato: 1 mesi | Reddito non garantito (autonomo o stabilità bassa) | Bisogno latente: dice di non essere interessato alle assicurazioni,150,0.9,8.6,3
FZ-0109,PENSION,Previdenza integrativa,0.6,0.1,1.0,0.045,1.221,0.85,media,True,Utente sotto pressione finanziaria: prima il piano di rientro e il cash flow,False,"Email (niente chiamate commerciali, chiesto nel testo)",Sospesa. Utente sotto pressione finanziaria: prima il piano di rientro e il cash flow,Evento che fa da trigger: Started freelancing | Fascia d'età 35-44 | Autonomo o freelance: pensione pubblica tipicamente più bassa,160,0.9,6.7,4
FZ-0109,FREELANCE_KIT,Kit freelance (conto business + accantonamento tasse),0.5,0.1,1.0,0.039,1.0,0.85,media,True,Utente sotto pressione finanziaria: prima il piano di rientro e il cash flow,False,"Email (niente chiamate commerciali, chiesto nel testo)",Sospesa. Utente sotto pressione finanziaria: prima il piano di rientro e il cash flow,"Evento che fa da trigger: Started freelancing | Ha appena iniziato a lavorare in proprio | Reddito variabile o tasse come preoccupazione (""Unexpected expenses while repaying debt"")",90,0.9,2.7,5
FZ-0110,INVEST_START,Avvio investimenti (PAC/ETF),0.943,0.4,1.0,0.617,2.0,1.0,alta,False,,False,Email,Percorso guidato di primo investimento con PAC mensile,Interesse per gli investimenti: Yes | Liquidità oltre il cuscinetto di sicurezza: circa €42.600 | Risparmia €600 al mese (17% del reddito),180,1.0,222.1,1
FZ-0110,CASH_SAVINGS,Conto deposito / risparmio remunerato,0.8,0.8,1.0,0.8,2.0,1.0,alta,False,,False,Email,Proposta di conto deposito per la liquidità ferma o vincolata a un obiettivo,Interesse per prodotti di risparmio: Yes | Obiettivo principale: Stabilise finances | Evento che fa da trigger: Unexpected expense | Liquidità sul conto: €60.000 | Tolleranza al rischio bassa (2/5),70,1.0,112.0,2
FZ-0110,PENSION,Previdenza integrativa,0.9,0.5,1.0,0.66,1.0,1.0,alta,False,,False,Call con consulente,Calcolo del gap pensionistico e proposta di piano di contribuzione,Interesse per la previdenza: Yes | Aperto a una call con consulente | Fascia d'età 45-54 | Autonomo o freelance: pensione pubblica tipicamente più bassa,160,1.0,105.6,3
FZ-0110,FREELANCE_KIT,Kit freelance (conto business + accantonamento tasse),0.7,1.0,1.0,0.88,1.0,1.0,alta,False,,False,Email,Onboarding conto business con regola automatica di accantonamento tasse,"Obiettivo principale: Stabilise finances | Nel testo: Separare gli alti e bassi del business dalle finanze personali | Lavoratore autonomo | Reddito variabile o tasse come preoccupazione (""Tax payments and cash-flow swings"")",90,1.0,79.2,4
FZ-0110,PROTECTION,Protezione famiglia e reddito,0.6,0.1,1.0,0.3,1.5,1.0,alta,False,,True,Call con consulente,"Contenuto educativo sulla protezione, nessuna offerta diretta per ora",Aperto a una call con consulente | 2 persone a carico | Reddito non garantito (autonomo o stabilità bassa) | Bisogno latente: dice di non essere interessato alle assicurazioni,150,1.0,67.5,5
FZ-0110,PREMIUM,Finanz Premium (piano e budget),0.65,1.0,1.0,0.86,1.0,1.0,alta,False,,False,Email,Trial Premium con piano finanziario personalizzato,Obiettivo principale: Stabilise finances | Nel testo: Separare gli alti e bassi del business dalle finanze personali | Evento di vita recente: Unexpected expense | Chiede esplicitamente un piano o un budget,50,1.0,43.0,6
FZ-0111,MORTGAGE,Mutuo prima casa,0.8,1.0,0.75,0.69,1.44,1.0,alta,False,,False,Call con consulente,Simulazione di sostenibilità e lead al broker mutui partner,Interesse per il mutuo: Yes | Obiettivo principale: Buy a home | Nel testo: Piano per comprare casa in 1-2 anni e confrontare i mutui | Aperto a una call con consulente | Pianifica l'acquisto casa entro 24 mesi | La liquidità copre circa il 76% di anticipo e costi stimati | Mutuo sostenibile stimato: circa €216.000,700,1.0,695.5,1
FZ-0111,CASH_SAVINGS,Conto deposito / risparmio remunerato,0.8,1.0,1.0,0.92,1.7,1.0,alta,False,,False,WhatsApp,Proposta di conto deposito per la liquidità ferma o vincolata a un obiettivo,Interesse per prodotti di risparmio: Yes | Obiettivo principale: Buy a home | Nel testo: Piano per comprare casa in 1-2 anni e confrontare i mutui | Liquidità sul conto: €51.000 | Liquidità vincolata all'anticipo casa: serve rendimento senza rischio,70,1.0,109.5,2
FZ-0111,PENSION,Previdenza integrativa,0.5,0.2,1.0,0.32,1.029,1.0,alta,False,,False,Call con consulente,Calcolo del gap pensionistico e proposta di piano di contribuzione,Evento che fa da trigger: New job | Aperto a una call con consulente | Fascia d'età 35-44,160,1.0,52.7,3
FZ-0111,INVEST_START,Avvio investimenti (PAC/ETF),0.4,0.3,1.0,0.34,0.5,1.0,alta,False,,False,WhatsApp,Percorso guidato di primo investimento con PAC mensile,Interesse per gli investimenti: Maybe | Evento che fa da trigger: New job | Risparmia €850 al mese (24% del reddito),180,1.0,30.6,4
FZ-0111,PROTECTION,Protezione famiglia e reddito,0.15,0.1,1.0,0.12,1.0,1.0,alta,False,,False,Call con consulente,Contenuto educativo sulla protezione + preventivo polizza partner,Aperto a una call con consulente | Mutuo in corso o in arrivo,150,1.0,18.0,5
FZ-0111,PREMIUM,Finanz Premium (piano e budget),0.25,0.1,1.0,0.16,1.0,1.0,alta,False,,False,WhatsApp,Trial Premium con piano finanziario personalizzato,Evento che fa da trigger: New job | Evento di vita recente: New job,50,1.0,8.0,6
FZ-0112,WEALTH_REVIEW,Revisione portafoglio,1.0,1.0,1.0,1.0,1.805,1.0,alta,False,,False,Call con consulente,"Check-up gratuito di allocazione, costi e concentrazione, poi referral consulente","Interesse per gli investimenti: Yes | Obiettivo principale: Prepare for retirement | Nel testo: Capire se risparmia abbastanza per la pensione e se gli investimenti attuali reggono | Evento che fa da trigger: Promotion | Aperto a una call con consulente | Patrimonio investito dichiarato: €165.000 | Esperienza di investimento: Intermediate | Preoccupazione principale: ""Market risk close to retirement""",400,1.0,722.0,1
FZ-0112,PENSION,Previdenza integrativa,0.9,1.0,1.0,0.96,1.686,1.0,alta,False,,False,Call con consulente,Calcolo del gap pensionistico e proposta di piano di contribuzione,Interesse per la previdenza: Yes | Obiettivo principale: Prepare for retirement | Nel testo: Capire se risparmia abbastanza per la pensione e se gli investimenti attuali reggono | Evento che fa da trigger: Promotion | Aperto a una call con consulente | Fascia d'età 55-64,160,1.0,259.0,2
FZ-0112,CASH_SAVINGS,Conto deposito / risparmio remunerato,0.6,0.2,1.0,0.36,2.0,1.0,alta,False,,False,Phone,Proposta di conto deposito per la liquidità ferma o vincolata a un obiettivo,Interesse per prodotti di risparmio: Maybe | Liquidità sul conto: €125.000,70,1.0,50.4,3
FZ-0112,PROTECTION,Protezione famiglia e reddito,0.15,0.1,1.0,0.12,1.0,1.0,alta,False,,False,Call con consulente,Contenuto educativo sulla protezione + preventivo polizza partner,Aperto a una call con consulente | Mutuo in corso o in arrivo,150,1.0,18.0,4
FZ-0112,DEBT_PLAN,Piano di rientro debiti,0.291,0.0,1.0,0.116,1.0,1.0,alta,False,,False,Phone,"Piano di rientro con priorità per costo del debito, dentro Finanz Premium",Debito al consumo: €6.000 (8% del reddito annuo) | Debito su carta di credito (il più caro),50,1.0,5.8,5
FZ-0112,PREMIUM,Finanz Premium (piano e budget),0.25,0.0,1.0,0.1,1.0,1.0,alta,False,,False,Phone,Trial Premium con piano finanziario personalizzato,Evento di vita recente: Promotion,50,1.0,5.0,6
FZ-0113,INVEST_START,Avvio investimenti (PAC/ETF),0.829,1.0,1.0,0.931,2.0,1.0,alta,False,,False,Phone,Percorso guidato di primo investimento con PAC mensile,Interesse per gli investimenti: Yes | Obiettivo principale: Make savings work harder | Nel testo: Ha molti risparmi ma rimanda le decisioni su come usarli | Liquidità oltre il cuscinetto di sicurezza: circa €66.400 | Risparmia €600 al mese (11% del reddito),180,1.0,335.2,1
FZ-0113,PENSION,Previdenza integrativa,0.6,0.6,1.0,0.6,1.5,1.0,alta,False,,False,Call con consulente,Calcolo del gap pensionistico e proposta di piano di contribuzione,Interesse per la previdenza: Yes | Evento che fa da trigger: Started freelancing | Aperto a una call con consulente | Fascia d'età 35-44 | Autonomo o freelance: pensione pubblica tipicamente più bassa,160,1.0,144.0,2
FZ-0113,CASH_SAVINGS,Conto deposito / risparmio remunerato,0.7,1.0,1.0,0.88,2.0,1.0,alta,False,,False,Phone,Proposta di conto deposito per la liquidità ferma o vincolata a un obiettivo,"Interesse per prodotti di risparmio: Yes | Obiettivo principale: Make savings work harder | Nel testo: Ha molti risparmi ma rimanda le decisioni su come usarli | Liquidità sul conto: €85.000 | Preoccupazione: ""Inflation reducing the value of my cash""",70,1.0,123.2,3
FZ-0113,PROTECTION,Protezione famiglia e reddito,0.6,0.2,1.0,0.36,1.25,1.0,alta,False,,True,Call con consulente,"Contenuto educativo sulla protezione, nessuna offerta diretta per ora",Evento che fa da trigger: Started freelancing | Aperto a una call con consulente | 1 persone a carico | Reddito non garantito (autonomo o stabilità bassa) | Bisogno latente: dice di non essere interessato alle assicurazioni,150,1.0,67.5,4
FZ-0113,PREMIUM,Finanz Premium (piano e budget),0.65,0.3,1.0,0.44,1.0,1.0,alta,False,,False,Phone,Trial Premium con piano finanziario personalizzato,Nel testo: Ha molti risparmi ma rimanda le decisioni su come usarli | Evento di vita recente: Started freelancing | Chiede esplicitamente un piano o un budget,50,1.0,22.0,5
FZ-0113,FREELANCE_KIT,Kit freelance (conto business + accantonamento tasse),0.3,0.1,1.0,0.18,1.0,1.0,alta,False,,False,Phone,Onboarding conto business con regola automatica di accantonamento tasse,Evento che fa da trigger: Started freelancing | Ha appena iniziato a lavorare in proprio,90,1.0,16.2,6
FZ-0114,PROTECTION,Protezione famiglia e reddito,0.4,1.0,1.0,0.76,1.75,0.3,alta,False,,False,In-app (nessun consenso marketing),Contenuto educativo sulla protezione + preventivo polizza partner,Interesse per le assicurazioni: Yes | Obiettivo principale: Protect family finances | Nel testo: Nuovo figlio: verificare che fondo emergenza e protezioni siano adeguati | Evento che fa da trigger: Had a child | 3 persone a carico,150,1.0,59.8,1
FZ-0114,PENSION,Previdenza integrativa,0.5,0.2,1.0,0.32,1.229,0.3,alta,False,,False,In-app (nessun consenso marketing),Calcolo del gap pensionistico e proposta di piano di contribuzione,Interesse per la previdenza: Maybe | Fascia d'età 35-44,160,1.0,18.9,2
FZ-0114,PREMIUM,Finanz Premium (piano e budget),0.8,0.9,1.0,0.86,1.0,0.3,alta,False,,False,In-app (nessun consenso marketing),Trial Premium con piano finanziario personalizzato,Obiettivo principale: Protect family finances | Nel testo: Nuovo figlio: verificare che fondo emergenza e protezioni siano adeguati | Evento che fa da trigger: Had a child | Sicurezza nelle decisioni finanziarie bassa (2/5) | Evento di vita recente: Had a child | Chiede esplicitamente un piano o un budget,50,1.0,12.9,3
FZ-0114,INVEST_START,Avvio investimenti (PAC/ETF),0.256,0.4,1.0,0.342,0.5,0.3,alta,False,,False,In-app (nessun consenso marketing),Percorso guidato di primo investimento con PAC mensile,Interesse per gli investimenti: Yes | Risparmia €550 al mese (13% del reddito),180,1.0,9.2,4
FZ-0114,CASH_SAVINGS,Conto deposito / risparmio remunerato,0.225,0.58,1.0,0.438,0.5,0.3,alta,False,,False,In-app (nessun consenso marketing),Proposta di conto deposito per la liquidità ferma o vincolata a un obiettivo,Interesse per prodotti di risparmio: Yes | Nel testo: Nuovo figlio: verificare che fondo emergenza e protezioni siano adeguati | Liquidità sul conto: €15.000,70,1.0,4.6,5
FZ-0114,DEBT_PLAN,Piano di rientro debiti,0.242,0.0,1.0,0.097,1.0,0.3,alta,False,,False,In-app (nessun consenso marketing),"Piano di rientro con priorità per costo del debito, dentro Finanz Premium",Debito al consumo: €7.500 (15% del reddito annuo),50,1.0,1.5,6
FZ-0115,DEBT_PLAN,Piano di rientro debiti,0.65,1.0,1.0,0.86,1.0,1.0,media,False,,False,Email,"Piano di rientro con priorità per costo del debito, dentro Finanz Premium",Obiettivo principale: Reduce debt | Nel testo: Troppe rate ogni mese: vuole alleggerire la pressione prima di pensare a investire | Debito al consumo: €20.000 (43% del reddito annuo) | Risparmio mensile nullo o negativo,50,0.9,38.7,1
FZ-0115,PREMIUM,Finanz Premium (piano e budget),1.0,0.4,1.0,0.64,1.0,1.0,media,False,,False,Email,Trial Premium con piano finanziario personalizzato,Nel testo: Troppe rate ogni mese: vuole alleggerire la pressione prima di pensare a investire | Evento che fa da trigger: Got married | Sicurezza nelle decisioni finanziarie bassa (1/5) | Evento di vita recente: Got married | Chiede esplicitamente un piano o un budget,50,0.9,28.8,2
FZ-0115,PROTECTION,Protezione famiglia e reddito,0.85,0.2,1.0,0.069,1.75,1.0,media,True,Utente sotto pressione finanziaria: prima il piano di rientro e il cash flow,True,Call con consulente,Sospesa. Utente sotto pressione finanziaria: prima il piano di rientro e il cash flow,Evento che fa da trigger: Got married | Aperto a una call con consulente | 3 persone a carico | Fondo di emergenza dichiarato: 0 mesi | Reddito non garantito (autonomo o stabilità bassa) | Bisogno latente: dice di non essere interessato alle assicurazioni,150,0.9,16.3,3
FZ-0116,INVEST_START,Avvio investimenti (PAC/ETF),1.0,0.3,1.0,0.58,1.81,1.0,alta,False,,False,Phone,Percorso guidato di primo investimento con PAC mensile,Interesse per gli investimenti: Maybe | Evento che fa da trigger: Promotion | Liquidità oltre il cuscinetto di sicurezza: circa €31.100 | Risparmia €850 al mese (24% del reddito),180,1.0,189.0,1
FZ-0116,PENSION,Previdenza integrativa,0.4,0.6,1.0,0.52,1.0,1.0,alta,False,,False,Call con consulente,Calcolo del gap pensionistico e proposta di piano di contribuzione,Interesse per la previdenza: Yes | Evento che fa da trigger: Promotion | Aperto a una call con consulente | Fascia d'età 25-34 | Autonomo o freelance: pensione pubblica tipicamente più bassa,160,1.0,83.2,2
FZ-0116,FREELANCE_KIT,Kit freelance (conto business + accantonamento tasse),0.7,1.0,1.0,0.88,1.0,1.0,alta,False,,False,Phone,Onboarding conto business con regola automatica di accantonamento tasse,"Obiettivo principale: Stabilise finances | Nel testo: Da freelance cerca un sistema per tasse, risparmio e lungo periodo | Lavoratore autonomo | Reddito variabile o tasse come preoccupazione (""Irregular income"")",90,1.0,79.2,3
FZ-0116,CASH_SAVINGS,Conto deposito / risparmio remunerato,0.6,0.7,1.0,0.66,1.567,1.0,alta,False,,False,Phone,Proposta di conto deposito per la liquidità ferma o vincolata a un obiettivo,Interesse per prodotti di risparmio: Yes | Obiettivo principale: Stabilise finances | Liquidità sul conto: €47.000,70,1.0,72.4,4
FZ-0116,PREMIUM,Finanz Premium (piano e budget),1.0,1.0,1.0,1.0,1.0,1.0,alta,False,,False,Phone,Trial Premium con piano finanziario personalizzato,"Obiettivo principale: Stabilise finances | Nel testo: Da freelance cerca un sistema per tasse, risparmio e lungo periodo | Sicurezza nelle decisioni finanziarie bassa (2/5) | Evento di vita recente: Promotion | Chiede esplicitamente un piano o un budget",50,1.0,50.0,5
FZ-0116,PROTECTION,Protezione famiglia e reddito,0.2,0.1,1.0,0.14,1.0,1.0,alta,False,,False,Call con consulente,Contenuto educativo sulla protezione + preventivo polizza partner,Aperto a una call con consulente | Reddito non garantito (autonomo o stabilità bassa),150,1.0,21.0,6
FZ-0116,DEBT_PLAN,Piano di rientro debiti,0.159,0.0,1.0,0.063,1.0,1.0,alta,False,,False,Phone,"Piano di rientro con priorità per costo del debito, dentro Finanz Premium",Debito al consumo: €4.000 (10% del reddito annuo),50,1.0,3.2,7
FZ-0117,MORTGAGE,Mutuo prima casa,1.0,1.0,0.75,0.75,1.12,1.0,alta,False,,False,Email,Simulazione di sostenibilità e lead al broker mutui partner,Interesse per il mutuo: Yes | Obiettivo principale: Buy a home | Nel testo: Capire quanto mutuo può reggere senza svuotare i risparmi | Pianifica l'acquisto casa entro 12 mesi | La liquidità copre circa il 61% di anticipo e costi stimati | Mutuo sostenibile stimato: circa €168.000,700,1.0,588.0,1
FZ-0117,CASH_SAVINGS,Conto deposito / risparmio remunerato,0.68,0.88,1.0,0.8,1.067,1.0,alta,False,,False,Email,Proposta di conto deposito per la liquidità ferma o vincolata a un obiettivo,Interesse per prodotti di risparmio: Yes | Obiettivo principale: Buy a home | Nel testo: Capire quanto mutuo può reggere senza svuotare i risparmi | Liquidità sul conto: €32.000 | Liquidità vincolata all'anticipo casa: serve rendimento senza rischio,70,1.0,59.8,2
FZ-0117,PROTECTION,Protezione famiglia e reddito,0.55,0.0,1.0,0.22,1.25,1.0,alta,False,,True,Email,"Contenuto educativo sulla protezione, nessuna offerta diretta per ora",1 persone a carico | Mutuo in corso o in arrivo | Bisogno latente: dice di non essere interessato alle assicurazioni,150,1.0,41.2,3
FZ-0117,PENSION,Previdenza integrativa,0.5,0.1,1.0,0.26,0.8,1.0,alta,False,,False,Email,Calcolo del gap pensionistico e proposta di piano di contribuzione,Evento che fa da trigger: Promotion | Fascia d'età 35-44,160,1.0,33.3,4
FZ-0117,INVEST_START,Avvio investimenti (PAC/ETF),0.4,0.3,1.0,0.34,0.5,1.0,alta,False,,False,Email,Percorso guidato di primo investimento con PAC mensile,Interesse per gli investimenti: Maybe | Evento che fa da trigger: Promotion | Risparmia €1.050 al mese (38% del reddito),180,1.0,30.6,5
FZ-0117,PREMIUM,Finanz Premium (piano e budget),0.6,0.0,1.0,0.24,1.0,1.0,alta,False,,False,Email,Trial Premium con piano finanziario personalizzato,Sicurezza nelle decisioni finanziarie bassa (2/5) | Evento di vita recente: Promotion,50,1.0,12.0,6
FZ-0118,INVEST_START,Avvio investimenti (PAC/ETF),1.0,1.0,1.0,1.0,2.0,1.0,alta,False,,False,WhatsApp,Percorso guidato di primo investimento con PAC mensile,Interesse per gli investimenti: Yes | Obiettivo principale: Make savings work harder | Nel testo: Una strategia semplice per i risparmi invece di spostarli senza piano | Evento che fa da trigger: New job | Liquidità oltre il cuscinetto di sicurezza: circa €71.100 | Risparmia €1.600 al mese (34% del reddito),180,1.0,360.0,1
FZ-0118,CASH_SAVINGS,Conto deposito / risparmio remunerato,0.9,1.0,1.0,0.96,2.0,1.0,alta,False,,False,WhatsApp,Proposta di conto deposito per la liquidità ferma o vincolata a un obiettivo,"Interesse per prodotti di risparmio: Yes | Obiettivo principale: Make savings work harder | Nel testo: Una strategia semplice per i risparmi invece di spostarli senza piano | Liquidità sul conto: €90.000 | Tolleranza al rischio bassa (2/5) | Preoccupazione: ""Inflation reducing the value of my cash""",70,1.0,134.4,2
FZ-0118,PENSION,Previdenza integrativa,0.8,0.4,1.0,0.56,1.357,1.0,alta,False,,False,Call con consulente,Calcolo del gap pensionistico e proposta di piano di contribuzione,Interesse per la previdenza: Maybe | Evento che fa da trigger: New job | Aperto a una call con consulente | Fascia d'età 45-54,160,1.0,121.6,3
FZ-0118,PROTECTION,Protezione famiglia e reddito,0.4,0.1,1.0,0.22,1.5,1.0,alta,False,,False,Call con consulente,Contenuto educativo sulla protezione + preventivo polizza partner,Aperto a una call con consulente | 2 persone a carico,150,1.0,49.5,4
FZ-0118,PREMIUM,Finanz Premium (piano e budget),0.8,0.4,1.0,0.56,1.0,1.0,alta,False,,False,WhatsApp,Trial Premium con piano finanziario personalizzato,Nel testo: Una strategia semplice per i risparmi invece di spostarli senza piano | Evento che fa da trigger: New job | Sicurezza nelle decisioni finanziarie bassa (2/5) | Evento di vita recente: New job | Chiede esplicitamente un piano o un budget,50,1.0,28.0,5
FZ-0119,INVEST_START,Avvio investimenti (PAC/ETF),1.0,0.78,1.0,0.868,2.0,1.0,alta,False,,False,WhatsApp,Percorso guidato di primo investimento con PAC mensile,Interesse per gli investimenti: Maybe | Obiettivo principale: Build wealth | Nel testo: Risparmia ogni mese ma non ha un obiettivo oltre al cuscinetto | Evento che fa da trigger: New job | Liquidità oltre il cuscinetto di sicurezza: circa €62.800 | Risparmia €1.000 al mese (36% del reddito),180,1.0,312.5,1
FZ-0119,CASH_SAVINGS,Conto deposito / risparmio remunerato,0.7,0.58,1.0,0.628,2.0,1.0,alta,False,,False,WhatsApp,Proposta di conto deposito per la liquidità ferma o vincolata a un obiettivo,"Interesse per prodotti di risparmio: Yes | Nel testo: Risparmia ogni mese ma non ha un obiettivo oltre al cuscinetto | Liquidità sul conto: €70.000 | Preoccupazione: ""Savings losing value to inflation""",70,1.0,87.9,2
FZ-0119,PENSION,Previdenza integrativa,0.8,0.1,1.0,0.38,0.8,1.0,alta,False,,False,WhatsApp,Calcolo del gap pensionistico e proposta di piano di contribuzione,Evento che fa da trigger: New job | Fascia d'età 45-54,160,1.0,48.6,3
FZ-0119,PREMIUM,Finanz Premium (piano e budget),0.45,0.6,1.0,0.54,1.0,1.0,alta,False,,False,WhatsApp,Trial Premium con piano finanziario personalizzato,Nel testo: Risparmia ogni mese ma non ha un obiettivo oltre al cuscinetto | Evento che fa da trigger: New job | Evento di vita recente: New job | Chiede esplicitamente un piano o un budget,50,1.0,27.0,4
FZ-0120,MORTGAGE,Mutuo prima casa,1.0,1.0,0.75,0.75,1.12,1.0,alta,False,,False,WhatsApp,Simulazione di sostenibilità e lead al broker mutui partner,Interesse per il mutuo: Yes | Obiettivo principale: Buy a home | Nel testo: Capire quanto mutuo può reggere senza svuotare i risparmi | Pianifica l'acquisto casa entro 18 mesi | La liquidità copre circa il 63% di anticipo e costi stimati | Mutuo sostenibile stimato: circa €168.000,700,1.0,588.0,1
FZ-0120,CASH_SAVINGS,Conto deposito / risparmio remunerato,0.695,0.88,1.0,0.806,1.1,1.0,alta,False,,False,WhatsApp,Proposta di conto deposito per la liquidità ferma o vincolata a un obiettivo,Interesse per prodotti di risparmio: Yes | Obiettivo principale: Buy a home | Nel testo: Capire quanto mutuo può reggere senza svuotare i risparmi | Liquidità sul conto: €33.000 | Liquidità vincolata all'anticipo casa: serve rendimento senza rischio,70,1.0,62.1,2
FZ-0120,PROTECTION,Protezione famiglia e reddito,0.55,0.1,1.0,0.28,1.25,1.0,alta,False,,True,WhatsApp,"Contenuto educativo sulla protezione, nessuna offerta diretta per ora",Evento che fa da trigger: Relationship change | 1 persone a carico | Mutuo in corso o in arrivo | Bisogno latente: dice di non essere interessato alle assicurazioni,150,1.0,52.5,3
FZ-0120,PENSION,Previdenza integrativa,0.5,0.0,1.0,0.2,0.8,1.0,alta,False,,False,WhatsApp,Calcolo del gap pensionistico e proposta di piano di contribuzione,Fascia d'età 35-44,160,1.0,25.6,4
FZ-0120,PREMIUM,Finanz Premium (piano e budget),0.25,0.1,1.0,0.16,1.0,1.0,alta,False,,False,WhatsApp,Trial Premium con piano finanziario personalizzato,Evento che fa da trigger: Relationship change | Evento di vita recente: Relationship change,50,1.0,8.0,5
